/*
 Navicat Premium Data Transfer

 Source Server         : remot
 Source Server Type    : MySQL
 Source Server Version : 80032
 Source Host           : 207.148.102.81:3306
 Source Schema         : road

 Target Server Type    : MySQL
 Target Server Version : 80032
 File Encoding         : 65001

 Date: 17/03/2023 17:58:58
*/

SET NAMES utf8mb4;
SET FOREIGN_KEY_CHECKS = 0;

-- ----------------------------
-- Table structure for app
-- ----------------------------
DROP TABLE IF EXISTS `app`;
CREATE TABLE `app`  (
  `id` int NOT NULL AUTO_INCREMENT,
  `url` varchar(255) CHARACTER SET utf8mb4 COLLATE utf8mb4_0900_ai_ci NOT NULL,
  `name` varchar(255) CHARACTER SET utf8mb4 COLLATE utf8mb4_0900_ai_ci NOT NULL,
  `create_at` datetime NULL DEFAULT NULL,
  PRIMARY KEY (`id`) USING BTREE
) ENGINE = InnoDB AUTO_INCREMENT = 2 CHARACTER SET = utf8mb4 COLLATE = utf8mb4_0900_ai_ci ROW_FORMAT = Dynamic;

-- ----------------------------
-- Records of app
-- ----------------------------
INSERT INTO `app` VALUES (1, 'https://api.cemcoe.com/static/uploads/upload_c4b848904a6f521ef0d63fd2c023e56b.apk', 'road', '2023-02-22 23:00:00');

-- ----------------------------
-- Table structure for mercari
-- ----------------------------
DROP TABLE IF EXISTS `mercari`;
CREATE TABLE `mercari`  (
  `id` varchar(50) CHARACTER SET utf8mb4 COLLATE utf8mb4_0900_ai_ci NOT NULL,
  `name` varchar(255) CHARACTER SET utf8mb4 COLLATE utf8mb4_0900_ai_ci NOT NULL,
  `price` decimal(10, 2) NOT NULL,
  `thumbnails` text CHARACTER SET utf8mb4 COLLATE utf8mb4_0900_ai_ci NOT NULL,
  `status` varchar(20) CHARACTER SET utf8mb4 COLLATE utf8mb4_0900_ai_ci NOT NULL,
  `num_likes` int NOT NULL,
  `num_comments` int NOT NULL,
  `pager_id` bigint NOT NULL,
  PRIMARY KEY (`id`) USING BTREE
) ENGINE = InnoDB CHARACTER SET = utf8mb4 COLLATE = utf8mb4_0900_ai_ci ROW_FORMAT = DYNAMIC;

-- ----------------------------
-- Records of mercari
-- ----------------------------
INSERT INTO `mercari` VALUES ('m11971875134', '猫 バック エコバック ねこ トートバッグ かばん バッグ サブバッグ 白', 1280.00, 'https://static.mercdn.net/c!/w=240/thumb/photos/m11971875134_1.jpg?1678486365', 'on_sale', 0, 0, 5457362684);
INSERT INTO `mercari` VALUES ('m12973961446', 'イーブイ 189/BW-P BW キラ イーブイコレクションファイル プロモ', 29000.00, 'https://static.mercdn.net/c!/w=240/thumb/photos/m12973961446_1.jpg?1678965558', 'on_sale', 0, 0, 5457362687);
INSERT INTO `mercari` VALUES ('m15694056479', 'iPhone充電ケーブル 新品 データ転送 初期不良対応 1m&2m', 1180.00, 'https://static.mercdn.net/c!/w=240/thumb/photos/m15694056479_1.jpg?1678121110', 'on_sale', 0, 0, 5457362684);
INSERT INTO `mercari` VALUES ('m16198093832', '浦島坂田船 坂田 グッズ', 3611.00, 'https://static.mercdn.net/c!/w=240/thumb/photos/m16198093832_1.jpg?1677073508', 'on_sale', 0, 0, 5457362684);
INSERT INTO `mercari` VALUES ('m17987627229', 'ヤマダヤ　LA SUD ラシュッド　コート　ベージュ', 1600.00, 'https://static.mercdn.net/c!/w=240/thumb/photos/m17987627229_1.jpg?1678283581', 'on_sale', 0, 0, 5457362687);
INSERT INTO `mercari` VALUES ('m18022294860', 'SLOBE IENA  パンツ', 8400.00, 'https://static.mercdn.net/c!/w=240/thumb/photos/m18022294860_1.jpg?1676783310', 'on_sale', 0, 0, 5457362684);
INSERT INTO `mercari` VALUES ('m18335293507', 'WayV ヤンヤン　Phantom Soundwave 未公開　トレカ', 900.00, 'https://static.mercdn.net/c!/w=240/thumb/photos/m18335293507_1.jpg?1678878717', 'on_sale', 0, 0, 5457362684);
INSERT INTO `mercari` VALUES ('m18562207540', '500 遊戯王　ガエルサンデス', 500.00, 'https://static.mercdn.net/c!/w=240/thumb/photos/m18562207540_1.jpg?1678554860', 'on_sale', 0, 0, 5457362687);
INSERT INTO `mercari` VALUES ('m19346189781', '【さわやか】ヴェリココ　パンプス　24センチ　ブルー', 3180.00, 'https://static.mercdn.net/c!/w=240/thumb/photos/m19346189781_1.jpg?1678104603', 'on_sale', 0, 0, 5457362687);
INSERT INTO `mercari` VALUES ('m20437822922', 'メザスタ　アルセウス　レガシー', 1040.00, 'https://static.mercdn.net/c!/w=240/thumb/photos/m20437822922_1.jpg?1678965539', 'on_sale', 0, 0, 5457362687);
INSERT INTO `mercari` VALUES ('m22226000006', '☆希少☆バーバリーロンドン カシミヤ混 ダブルフェイス ウールコート Lサイズ', 33700.00, 'https://static.mercdn.net/c!/w=240/thumb/photos/m22226000006_1.jpg?1675064782', 'on_sale', 0, 0, 5457362684);
INSERT INTO `mercari` VALUES ('m23034645730', '花柄ホーローケトル', 2500.00, 'https://static.mercdn.net/c!/w=240/thumb/photos/m23034645730_1.jpg?1678686748', 'on_sale', 0, 0, 5457362684);
INSERT INTO `mercari` VALUES ('m23856030443', '秋冬コーデ　新品　レディース　ジャケット　スタジャン　ボンバージャケット　❤️', 6130.00, 'https://static.mercdn.net/c!/w=240/thumb/photos/m23856030443_1.jpg?1667219468', 'on_sale', 0, 0, 5457362684);
INSERT INTO `mercari` VALUES ('m24646212096', '最終値下げ‼️ UNIQLO✖️＋J ウールブレンドパンツストライプ', 2799.00, 'https://static.mercdn.net/c!/w=240/thumb/photos/m24646212096_1.jpg?1678004354', 'on_sale', 0, 0, 5457362687);
INSERT INTO `mercari` VALUES ('m26382252918', 'HTC VIVE TRACKER トラッカー 2018 2.0  ８個　箱なし', 110000.00, 'https://static.mercdn.net/c!/w=240/thumb/photos/m26382252918_1.jpg?1678490827', 'on_sale', 0, 0, 5457362687);
INSERT INTO `mercari` VALUES ('m27011110220', 'AIR MAX 90 ULTRA MID WINTER\"SEQUOIA\"', 16700.00, 'https://static.mercdn.net/c!/w=240/thumb/photos/m27011110220_1.jpg?1611018670', 'on_sale', 0, 0, 5457362684);
INSERT INTO `mercari` VALUES ('m29335039168', 'iPhoneXS ケース 人気カバー ホワイト ブルドッグ サングラス 立体t', 1390.00, 'https://static.mercdn.net/c!/w=240/thumb/photos/m29335039168_1.jpg?1678566195', 'on_sale', 0, 0, 5457362684);
INSERT INTO `mercari` VALUES ('m29762702313', '【ジーユー】ニット　セーター　部分花柄レース　Ｌ　ピンクベージュ　甘め　Ｖネック', 1080.00, 'https://static.mercdn.net/c!/w=240/thumb/photos/m29762702313_1.jpg?1676753368', 'on_sale', 0, 0, 5457362684);
INSERT INTO `mercari` VALUES ('m30154760946', 'ニューバランス　プルオーバーパーカー', 2100.00, 'https://static.mercdn.net/c!/w=240/thumb/photos/m30154760946_1.jpg?1678006263', 'on_sale', 0, 0, 5457362690);
INSERT INTO `mercari` VALUES ('m31210244891', 'ペルセウス　皆川翠 抱き枕カバー', 3900.00, 'https://static.mercdn.net/c!/w=240/thumb/photos/m31210244891_1.jpg?1675828053', 'on_sale', 0, 0, 5457362687);
INSERT INTO `mercari` VALUES ('m31332124917', 'クオリティファースト ダーマレーザー スーパー VC100  新品未開封', 2200.00, 'https://static.mercdn.net/c!/w=240/thumb/photos/m31332124917_1.jpg?1678603714', 'on_sale', 0, 0, 5457362684);
INSERT INTO `mercari` VALUES ('m34348813333', 'NARUMIナルミ カップ&ソーサー5客セット', 3900.00, 'https://static.mercdn.net/c!/w=240/thumb/photos/m34348813333_1.jpg?1678915099', 'on_sale', 0, 0, 5457362690);
INSERT INTO `mercari` VALUES ('m34849594045', 'Carhartt カーハート ワークシャツ 企業ワッペン L ビンテージ', 6980.00, 'https://static.mercdn.net/c!/w=240/thumb/photos/m34849594045_1.jpg?1677025825', 'on_sale', 0, 0, 5457362687);
INSERT INTO `mercari` VALUES ('m36044855596', 'PRADA プラダ ラウンドファスナー サフィアーノレザー Nero 長財布', 13300.00, 'https://static.mercdn.net/c!/w=240/thumb/photos/m36044855596_1.jpg?1677329989', 'on_sale', 0, 0, 5457362690);
INSERT INTO `mercari` VALUES ('m36270891366', 'ヴァイスシュバルツ　SPミュウ　小倉唯', 11900.00, 'https://static.mercdn.net/c!/w=240/thumb/photos/m36270891366_1.jpg?1678775197', 'on_sale', 0, 0, 5457362684);
INSERT INTO `mercari` VALUES ('m37466380047', 'ルルゲッタ ワンピース  黒 ブラック', 7900.00, 'https://static.mercdn.net/c!/w=240/thumb/photos/m37466380047_1.jpg?1678771715', 'on_sale', 0, 0, 5457362684);
INSERT INTO `mercari` VALUES ('m39628327909', 'プロロゴ Nago Evo gel チタンレール サドル ロードバイク', 5700.00, 'https://static.mercdn.net/c!/w=240/thumb/photos/m39628327909_1.jpg?1678737703', 'on_sale', 0, 0, 5457362687);
INSERT INTO `mercari` VALUES ('m39722661125', 'BenQ モニター　ディスプレイ　E2420HD', 5888.00, 'https://static.mercdn.net/c!/w=240/thumb/photos/m39722661125_1.jpg?1678940986', 'on_sale', 0, 0, 5457362687);
INSERT INTO `mercari` VALUES ('m39744089052', '✨美品✨BALENCIAGA　エブリデイ　ミニ財布　三つ折り　レザー　ロゴ', 21100.00, 'https://static.mercdn.net/c!/w=240/thumb/photos/m39744089052_1.jpg?1674912170', 'on_sale', 0, 0, 5457362687);
INSERT INTO `mercari` VALUES ('m40107669879', '◎新品未使用タグ付き！Discoat バンドカラーシャツジャケット フリーサイズ', 4199.00, 'https://static.mercdn.net/c!/w=240/thumb/photos/m40107669879_1.jpg?1678249934', 'on_sale', 0, 0, 5457362687);
INSERT INTO `mercari` VALUES ('m41600055188', 'アリーナ　競泳水着　ハイカット', 4500.00, 'https://static.mercdn.net/c!/w=240/thumb/photos/m41600055188_1.jpg?1678347506', 'on_sale', 0, 0, 5457362687);
INSERT INTO `mercari` VALUES ('m42048147014', '【USA規格】カーハート  超ビッグダックブルゾン　グリーン', 12400.00, 'https://static.mercdn.net/c!/w=240/thumb/photos/m42048147014_1.jpg?1676867883', 'on_sale', 0, 0, 5457362684);
INSERT INTO `mercari` VALUES ('m42840042121', '明日のナージャ TSUTAYA限定 購入特典 ポストカード', 800.00, 'https://static.mercdn.net/c!/w=240/thumb/photos/m42840042121_1.jpg?1678881456', 'on_sale', 0, 0, 5457362687);
INSERT INTO `mercari` VALUES ('m44152547475', '伊太利屋 レース付き スカート', 1500.00, 'https://static.mercdn.net/c!/w=240/thumb/photos/m44152547475_1.jpg?1678859954', 'on_sale', 0, 0, 5457362690);
INSERT INTO `mercari` VALUES ('m46212260511', 'HUMAN WOMAN ネイビー ボタンダウン ニット ジャケット 2', 4100.00, 'https://static.mercdn.net/c!/w=240/thumb/photos/m46212260511_1.jpg?1677779124', 'on_sale', 0, 0, 5457362687);
INSERT INTO `mercari` VALUES ('m46609063233', 'ウエスト90CM メンズダブルスーツ　AB5 サイズ　カラーグレー', 3500.00, 'https://static.mercdn.net/c!/w=240/thumb/photos/m46609063233_1.jpg?1677563417', 'on_sale', 0, 0, 5457362687);
INSERT INTO `mercari` VALUES ('m48132942601', '最終価格⭐︎ジルスチュアート　サディフラワーカットジャガードワンピース', 3400.00, 'https://static.mercdn.net/c!/w=240/thumb/photos/m48132942601_1.jpg?1678685141', 'on_sale', 0, 0, 5457362684);
INSERT INTO `mercari` VALUES ('m48554723114', '正規品 ルイヴィトン モノグラム スピーディ30 ハンドバッグ', 25900.00, 'https://static.mercdn.net/c!/w=240/thumb/photos/m48554723114_1.jpg?1654337989', 'on_sale', 0, 0, 5457362687);
INSERT INTO `mercari` VALUES ('m49447587193', 'ghtz トップス　刺繍ロゴ', 2680.00, 'https://static.mercdn.net/c!/w=240/thumb/photos/m49447587193_1.jpg?1678189936', 'on_sale', 0, 0, 5457362684);
INSERT INTO `mercari` VALUES ('m49479217113', '【✨早い者勝ち✨】大型から小型まで対応 チェーン カッター', 620.00, 'https://static.mercdn.net/c!/w=240/thumb/photos/m49479217113_1.jpg?1677450494', 'on_sale', 0, 0, 5457362690);
INSERT INTO `mercari` VALUES ('m49585356166', 'Homeme 室内物干し 耐荷重30kg 壁掛け 物干しワイヤー ダブルロープ', 4387.00, 'https://static.mercdn.net/c!/w=240/thumb/photos/m49585356166_1.jpg?1675918407', 'on_sale', 0, 0, 5457362687);
INSERT INTO `mercari` VALUES ('m50328542630', 'ナイキ ／七分丈パンツ', 2700.00, 'https://static.mercdn.net/c!/w=240/thumb/photos/m50328542630_1.jpg?1666451531', 'on_sale', 0, 0, 5457362684);
INSERT INTO `mercari` VALUES ('m51547189469', '【希少2XL☆イングランド製90s】バブアー ノーザンブリア オイルドジャケット', 61480.00, 'https://static.mercdn.net/c!/w=240/thumb/photos/m51547189469_1.jpg?1676472010', 'on_sale', 0, 0, 5457362690);
INSERT INTO `mercari` VALUES ('m55086121563', 'DFESTA 入場トレカ ナヨン', 1000.00, 'https://static.mercdn.net/c!/w=240/thumb/photos/m55086121563_1.jpg?1678953428', 'on_sale', 0, 0, 5457362687);
INSERT INTO `mercari` VALUES ('m55467390243', '【wicca】腕時計', 7200.00, 'https://static.mercdn.net/c!/w=240/thumb/photos/m55467390243_1.jpg?1678460877', 'on_sale', 0, 0, 5457362687);
INSERT INTO `mercari` VALUES ('m55550067473', 'ニット　レディース　カーディガン　Vネック　ジャガード柄', 2900.00, 'https://static.mercdn.net/c!/w=240/thumb/photos/m55550067473_1.jpg?1673488058', 'on_sale', 0, 0, 5457362684);
INSERT INTO `mercari` VALUES ('m55673323853', '美品 キャラオクルス レリアン ステンカラージャケット カーキ グリーン 深緑', 14300.00, 'https://static.mercdn.net/c!/w=240/thumb/photos/m55673323853_1.jpg?1674093825', 'on_sale', 0, 0, 5457362684);
INSERT INTO `mercari` VALUES ('m55856272997', '猫背 姿勢サポーター 姿勢ベルト 肩サポーター 男女兼用 フリーサイズ', 1980.00, 'https://static.mercdn.net/c!/w=240/thumb/photos/m55856272997_1.jpg?1678537596', 'on_sale', 0, 0, 5457362684);
INSERT INTO `mercari` VALUES ('m56545706471', '新品 23SS エメレオンドレ ナイロン ダッフル バッグ オリーブ', 37899.00, 'https://static.mercdn.net/c!/w=240/thumb/photos/m56545706471_1.jpg?1678796217', 'on_sale', 0, 0, 5457362687);
INSERT INTO `mercari` VALUES ('m56897589961', '単品未発売　プロジェクトA  ニュー2Kリマスター　Blu-ray', 3100.00, 'https://static.mercdn.net/c!/w=240/thumb/photos/m56897589961_1.jpg?1678871910', 'on_sale', 0, 0, 5457362684);
INSERT INTO `mercari` VALUES ('m57949701903', 'ヘッドドレス ウェディング ブライダル　ヘアアクセサリー　パール お花 結婚式', 1280.00, 'https://static.mercdn.net/c!/w=240/thumb/photos/m57949701903_1.jpg?1678684238', 'on_sale', 0, 0, 5457362687);
INSERT INTO `mercari` VALUES ('m58425559819', 'b42 スプリングニット セーター レースアップ スリット 春 秋 カジュアル', 2180.00, 'https://static.mercdn.net/c!/w=240/thumb/photos/m58425559819_1.jpg?1678251936', 'on_sale', 0, 0, 5457362690);
INSERT INTO `mercari` VALUES ('m58481455311', '【大人気　一点モノ　3Dデザイン　総柄　幾何学模様　ニット　カナダ製　古着】', 3600.00, 'https://static.mercdn.net/c!/w=240/thumb/photos/m58481455311_1.jpg?1663415338', 'on_sale', 0, 0, 5457362687);
INSERT INTO `mercari` VALUES ('m59435315869', '2292-2 くすみグレー☺︎ゴールドリングと花びらフラワーのピアス☺︎', 1190.00, 'https://static.mercdn.net/c!/w=240/thumb/photos/m59435315869_1.jpg?1678534764', 'on_sale', 0, 0, 5457362684);
INSERT INTO `mercari` VALUES ('m59462511211', '美品♪Tory Burch トリーバーチ 2way ショルダーバッグ レザー', 11380.00, 'https://static.mercdn.net/c!/w=240/thumb/photos/m59462511211_1.jpg?1677221055', 'on_sale', 0, 0, 5457362690);
INSERT INTO `mercari` VALUES ('m59474300954', '新品★Mサイズ★約55L★キャリーケース スーツケース キャリーバッグ 紫', 8496.00, 'https://static.mercdn.net/c!/w=240/thumb/photos/m59474300954_1.jpg?1676344574', 'on_sale', 0, 0, 5457362687);
INSERT INTO `mercari` VALUES ('m61120071665', '【レトロデザイン】ヨーロッパ　アメリカ　S925 シルバー スクエア リング女性', 1280.00, 'https://static.mercdn.net/c!/w=240/thumb/photos/m61120071665_1.jpg?1678751083', 'on_sale', 0, 0, 5457362684);
INSERT INTO `mercari` VALUES ('m61366940955', '美品 アリサナ フォーマルスーツ 165 卒業式 ロング丈 シック セーラー襟', 10500.00, 'https://static.mercdn.net/c!/w=240/thumb/photos/m61366940955_1.jpg?1678386762', 'on_sale', 0, 0, 5457362687);
INSERT INTO `mercari` VALUES ('m63047896618', '男女兼用 キッズダンス ホワイトカーゴパンツ  衣装 白 130cm', 2980.00, 'https://static.mercdn.net/c!/w=240/thumb/photos/m63047896618_1.jpg?1678694965', 'on_sale', 0, 0, 5457362684);
INSERT INTO `mercari` VALUES ('m64538937574', '美品　KBF ブークレードルマンニット ブラウン　セーター', 1900.00, 'https://static.mercdn.net/c!/w=240/thumb/photos/m64538937574_1.jpg?1673933838', 'on_sale', 0, 0, 5457362687);
INSERT INTO `mercari` VALUES ('m64609254804', '【90s 古着】ノートルダム大学 フットボールチーム 刺繍ロゴ スウェット', 4180.00, 'https://static.mercdn.net/c!/w=240/thumb/photos/m64609254804_1.jpg?1674816302', 'on_sale', 0, 0, 5457362684);
INSERT INTO `mercari` VALUES ('m64912127548', 'クレージュ　キーホルダー', 2200.00, 'https://static.mercdn.net/c!/w=240/thumb/photos/m64912127548_1.jpg?1677742169', 'on_sale', 0, 0, 5457362687);
INSERT INTO `mercari` VALUES ('m65228664838', 'GOODE USA  グッディ カーボン スキーポール ストック120cm', 6600.00, 'https://static.mercdn.net/c!/w=240/thumb/photos/m65228664838_1.jpg?1678965567', 'on_sale', 0, 0, 5457362684);
INSERT INTO `mercari` VALUES ('m65277343866', '美品　JRA認定　ショルダーバック　オーストリッチ　ショルダーポーチ', 5600.00, 'https://static.mercdn.net/c!/w=240/thumb/photos/m65277343866_1.jpg?1670845952', 'on_sale', 0, 0, 5457362687);
INSERT INTO `mercari` VALUES ('m65279113549', 'クドリャフカ／特大タオルケット／完全未開封／リトルバスターズ／クドわふたー', 12000.00, 'https://static.mercdn.net/c!/w=240/thumb/photos/m65279113549_1.jpg?1678257771', 'on_sale', 0, 0, 5457362684);
INSERT INTO `mercari` VALUES ('m66352250676', 'トランスフォーマー/ダークサイド・ムーン ブルーレイ+DVDセット\'11米…', 700.00, 'https://static.mercdn.net/c!/w=240/thumb/photos/m66352250676_1.jpg?1678691492', 'on_sale', 0, 0, 5457362690);
INSERT INTO `mercari` VALUES ('m66878566295', '遊戯王　幻奏　ジェムナイト　デッキパーツ　105枚セット　即購入OK', 1200.00, 'https://static.mercdn.net/c!/w=240/thumb/photos/m66878566295_1.jpg?1678694573', 'on_sale', 0, 0, 5457362687);
INSERT INTO `mercari` VALUES ('m67976725177', 'ミルクフェド　MILKFED トレーナー　パーカー', 1500.00, 'https://static.mercdn.net/c!/w=240/thumb/photos/m67976725177_1.jpg?1672029264', 'on_sale', 0, 0, 5457362690);
INSERT INTO `mercari` VALUES ('m68976349488', 'ニコアンド　長袖　ニット　セーター　リブ　クルーネック　レディース　トップス', 2680.00, 'https://static.mercdn.net/c!/w=240/thumb/photos/m68976349488_1.jpg?1678536447', 'on_sale', 0, 0, 5457362690);
INSERT INTO `mercari` VALUES ('m70245920718', '乃木坂46 生写真　賀喜遥香', 5111.00, 'https://static.mercdn.net/c!/w=240/thumb/photos/m70245920718_1.jpg?1677640816', 'on_sale', 0, 0, 5457362684);
INSERT INTO `mercari` VALUES ('m71194966760', 'Amaia kids ♡ リンクコーデ ワンピース シャツ 双子', 8999.00, 'https://static.mercdn.net/c!/w=240/thumb/photos/m71194966760_1.jpg?1677293113', 'on_sale', 0, 0, 5457362687);
INSERT INTO `mercari` VALUES ('m71550650491', '♬1点物 ウエストゴム イージーワイドパンツ センタープレス 楽ちん きれいめ', 3280.00, 'https://static.mercdn.net/c!/w=240/thumb/photos/m71550650491_1.jpg?1678705292', 'on_sale', 0, 0, 5457362684);
INSERT INTO `mercari` VALUES ('m74127884002', '【最高級オーストリッチ】ハンドバッグ オーストリッチ 2way カデナ 黒', 6200.00, 'https://static.mercdn.net/c!/w=240/thumb/photos/m74127884002_1.jpg?1676468815', 'on_sale', 0, 0, 5457362684);
INSERT INTO `mercari` VALUES ('m75431465883', '送料無料！！ カブス MLB デカロゴ ゆるだぼ 90s 長袖 ナイロン ピステ', 6100.00, 'https://static.mercdn.net/c!/w=240/thumb/photos/m75431465883_1.jpg?1676389106', 'on_sale', 0, 0, 5457362684);
INSERT INTO `mercari` VALUES ('m75999754196', '輪るピングドラム　ころっとアクリルキーホルダー  36個セット 新品未開封', 2500.00, 'https://static.mercdn.net/c!/w=240/thumb/photos/m75999754196_1.jpg?1677902911', 'on_sale', 0, 0, 5457362690);
INSERT INTO `mercari` VALUES ('m76050900778', '【ヴィンテージ】アメカジ　ジップアップパーカージャケット赤古着usedAS106', 3980.00, 'https://static.mercdn.net/c!/w=240/thumb/photos/m76050900778_1.jpg?1675318176', 'on_sale', 0, 0, 5457362687);
INSERT INTO `mercari` VALUES ('m76329191349', '【Adidas】GREEN LOOSE TRACK PANTS 2013P', 8700.00, 'https://static.mercdn.net/c!/w=240/thumb/photos/m76329191349_1.jpg?1677073538', 'on_sale', 0, 0, 5457362687);
INSERT INTO `mercari` VALUES ('m78055675350', 'DIANA　ハイヒール　サンダル　シルバー　レディース　靴', 2100.00, 'https://static.mercdn.net/c!/w=240/thumb/photos/m78055675350_1.jpg?1646734549', 'on_sale', 0, 0, 5457362684);
INSERT INTO `mercari` VALUES ('m78137442349', 'Vans Authentic Pig Suede Black 27.0cm', 7300.00, 'https://static.mercdn.net/c!/w=240/thumb/photos/m78137442349_1.jpg?1678873368', 'on_sale', 0, 0, 5457362687);
INSERT INTO `mercari` VALUES ('m81169913799', 'agete アガット　デイライト　ボーイズゴールド', 10600.00, 'https://static.mercdn.net/c!/w=240/thumb/photos/m81169913799_1.jpg?1658125174', 'on_sale', 0, 0, 5457362684);
INSERT INTO `mercari` VALUES ('m82435454961', '✅アラジン × ビームス 別注 BLUE FLAME ヒーター 藍 BF3911', 73599.00, 'https://static.mercdn.net/c!/w=240/thumb/photos/m82435454961_1.jpg?1675863356', 'on_sale', 0, 0, 5457362690);
INSERT INTO `mercari` VALUES ('m82819351440', '90s 古着 CRABLE SPORTSWEAR ゴルフ 刺繍  スウェット L', 3780.00, 'https://static.mercdn.net/c!/w=240/thumb/photos/m82819351440_1.jpg?1675326636', 'on_sale', 0, 0, 5457362684);
INSERT INTO `mercari` VALUES ('m84327527898', '★未使用に近い★【Re:getA】レザー コンフォートシューズ 快適　黒ブラック', 4488.00, 'https://static.mercdn.net/c!/w=240/thumb/photos/m84327527898_1.jpg?1677150552', 'on_sale', 0, 0, 5457362687);
INSERT INTO `mercari` VALUES ('m85137316109', '【アーバンリサーチ】トレンチコート ベージュ M コットン ビジネス セレモニー', 3880.00, 'https://static.mercdn.net/c!/w=240/thumb/photos/m85137316109_1.jpg?1678235957', 'on_sale', 0, 0, 5457362690);
INSERT INTO `mercari` VALUES ('m85933547827', '美品 アトリエブルージュ 22.5 ドレスシューズ ラウンドトゥ カジュアル', 7099.00, 'https://static.mercdn.net/c!/w=240/thumb/photos/m85933547827_1.jpg?1678188254', 'on_sale', 0, 0, 5457362684);
INSERT INTO `mercari` VALUES ('m86103712019', '【Arnold Palmer】長袖シャツ メンズ ユニセックス チェック', 2480.00, 'https://static.mercdn.net/c!/w=240/thumb/photos/m86103712019_1.jpg?1678102111', 'on_sale', 0, 0, 5457362687);
INSERT INTO `mercari` VALUES ('m86397446074', '古着【GENNARO ジェンナロ】ピーコート 無地 ネイビー M', 3199.00, 'https://static.mercdn.net/c!/w=240/thumb/photos/m86397446074_1.jpg?1678773717', 'on_sale', 0, 0, 5457362687);
INSERT INTO `mercari` VALUES ('m86463104742', 'コンバース オールスター ライト BB OX', 3000.00, 'https://static.mercdn.net/c!/w=240/thumb/photos/m86463104742_1.jpg?1676807008', 'on_sale', 0, 0, 5457362684);
INSERT INTO `mercari` VALUES ('m88237623604', '【新品未使用】やちむん　琉球焼　沖縄　フリーカップ　3点　工房双子堂', 8380.00, 'https://static.mercdn.net/c!/w=240/thumb/photos/m88237623604_1.jpg?1667737577', 'on_sale', 0, 0, 5457362684);
INSERT INTO `mercari` VALUES ('m88386252832', '車ドアガードドアコーナー コーナーガード ステッカー 車ドア保護 2点セット', 1034.00, 'https://static.mercdn.net/c!/w=240/thumb/photos/m88386252832_1.jpg?1677250469', 'on_sale', 0, 0, 5457362684);
INSERT INTO `mercari` VALUES ('m88859269460', 'RUEHL  No.925', 12000.00, 'https://static.mercdn.net/c!/w=240/thumb/photos/m88859269460_1.jpg?1678938604', 'on_sale', 0, 0, 5457362684);
INSERT INTO `mercari` VALUES ('m89983920835', '✨送料無料✨　ベビー　おもちゃ　洗濯可　女の子　タグ', 486.00, 'https://static.mercdn.net/c!/w=240/thumb/photos/m89983920835_1.jpg?1675198391', 'on_sale', 0, 0, 5457362684);
INSERT INTO `mercari` VALUES ('m90331440116', 'ハワイアンジュエリー 11号 リング 指輪  メンズ レディース オシャレ ⑮', 2589.00, 'https://static.mercdn.net/c!/w=240/thumb/photos/m90331440116_1.jpg?1678665740', 'on_sale', 0, 0, 5457362687);
INSERT INTO `mercari` VALUES ('m90819681390', 'レフラー パーカー', 4300.00, 'https://static.mercdn.net/c!/w=240/thumb/photos/m90819681390_1.jpg?1677842913', 'on_sale', 0, 0, 5457362684);
INSERT INTO `mercari` VALUES ('m92144005948', 'ミュールバウアー　キャップ', 4600.00, 'https://static.mercdn.net/c!/w=240/thumb/photos/m92144005948_1.jpg?1678447938', 'on_sale', 0, 0, 5457362687);
INSERT INTO `mercari` VALUES ('m93647607225', 'アッパーハイツ RASCAL ダメージデニム サイズ22 グレー ジッパーフライ', 12300.00, 'https://static.mercdn.net/c!/w=240/thumb/photos/m93647607225_1.jpg?1678523689', 'on_sale', 0, 0, 5457362687);
INSERT INTO `mercari` VALUES ('m97241617875', 'シャーク　TEE', 8500.00, 'https://static.mercdn.net/c!/w=240/thumb/photos/m97241617875_1.jpg?1678602292', 'on_sale', 0, 0, 5457362687);
INSERT INTO `mercari` VALUES ('m97653705201', '★人気モデル★　IBIZA　イビサ　イビザ　　リュック　バッグ', 8900.00, 'https://static.mercdn.net/c!/w=240/thumb/photos/m97653705201_1.jpg?1678572089', 'on_sale', 0, 0, 5457362690);
INSERT INTO `mercari` VALUES ('m97799714299', '【美品!!】エルメス シマウマ ブランケット リバーシブル 冬 ホワイトデー■', 43500.00, 'https://static.mercdn.net/c!/w=240/thumb/photos/m97799714299_1.jpg?1672561147', 'on_sale', 0, 0, 5457362687);
INSERT INTO `mercari` VALUES ('m98688744749', 'ラッセルアスレチックRussellathleticスウェット緑古着XXLグリーン', 6200.00, 'https://static.mercdn.net/c!/w=240/thumb/photos/m98688744749_1.jpg?1677820854', 'on_sale', 0, 0, 5457362687);

-- ----------------------------
-- Table structure for mercari_items
-- ----------------------------
DROP TABLE IF EXISTS `mercari_items`;
CREATE TABLE `mercari_items`  (
  `id` varchar(255) CHARACTER SET utf8mb4 COLLATE utf8mb4_0900_ai_ci NULL DEFAULT NULL,
  `seller` text CHARACTER SET utf8mb4 COLLATE utf8mb4_0900_ai_ci NULL,
  `status` varchar(255) CHARACTER SET utf8mb4 COLLATE utf8mb4_0900_ai_ci NULL DEFAULT NULL,
  `name` varchar(255) CHARACTER SET utf8mb4 COLLATE utf8mb4_0900_ai_ci NULL DEFAULT NULL,
  `price` double NULL DEFAULT NULL,
  `description` varchar(3000) CHARACTER SET utf8mb4 COLLATE utf8mb4_0900_ai_ci NULL DEFAULT NULL,
  `photos` text CHARACTER SET utf8mb4 COLLATE utf8mb4_0900_ai_ci NULL,
  `photo_paths` text CHARACTER SET utf8mb4 COLLATE utf8mb4_0900_ai_ci NULL,
  `thumbnails` text CHARACTER SET utf8mb4 COLLATE utf8mb4_0900_ai_ci NULL,
  `item_category` text CHARACTER SET utf8mb4 COLLATE utf8mb4_0900_ai_ci NULL,
  `item_condition` text CHARACTER SET utf8mb4 COLLATE utf8mb4_0900_ai_ci NULL,
  `colors` text CHARACTER SET utf8mb4 COLLATE utf8mb4_0900_ai_ci NULL,
  `shipping_payer` text CHARACTER SET utf8mb4 COLLATE utf8mb4_0900_ai_ci NULL,
  `shipping_method` text CHARACTER SET utf8mb4 COLLATE utf8mb4_0900_ai_ci NULL,
  `shipping_from_area` text CHARACTER SET utf8mb4 COLLATE utf8mb4_0900_ai_ci NULL,
  `shipping_duration` text CHARACTER SET utf8mb4 COLLATE utf8mb4_0900_ai_ci NULL,
  `shipping_class` text CHARACTER SET utf8mb4 COLLATE utf8mb4_0900_ai_ci NULL,
  `num_likes` double NULL DEFAULT NULL,
  `num_comments` double NULL DEFAULT NULL,
  `comments` text CHARACTER SET utf8mb4 COLLATE utf8mb4_0900_ai_ci NULL,
  `updated` double NULL DEFAULT NULL,
  `created` double NULL DEFAULT NULL,
  `pager_id` double NULL DEFAULT NULL,
  `liked` tinyint(1) NULL DEFAULT NULL,
  `checksum` varchar(255) CHARACTER SET utf8mb4 COLLATE utf8mb4_0900_ai_ci NULL DEFAULT NULL,
  `is_dynamic_shipping_fee` tinyint(1) NULL DEFAULT NULL,
  `application_attributes` text CHARACTER SET utf8mb4 COLLATE utf8mb4_0900_ai_ci NULL,
  `is_shop_item` varchar(255) CHARACTER SET utf8mb4 COLLATE utf8mb4_0900_ai_ci NULL DEFAULT NULL,
  `hash_tags` text CHARACTER SET utf8mb4 COLLATE utf8mb4_0900_ai_ci NULL,
  `is_anonymous_shipping` tinyint(1) NULL DEFAULT NULL,
  `is_web_visible` tinyint(1) NULL DEFAULT NULL,
  `is_offerable` tinyint(1) NULL DEFAULT NULL,
  `is_organizational_user` tinyint(1) NULL DEFAULT NULL,
  `organizational_user_status` varchar(255) CHARACTER SET utf8mb4 COLLATE utf8mb4_0900_ai_ci NULL DEFAULT NULL,
  `is_stock_item` tinyint(1) NULL DEFAULT NULL,
  `is_cancelable` tinyint(1) NULL DEFAULT NULL,
  `shipped_by_worker` tinyint(1) NULL DEFAULT NULL,
  `additional_services` text CHARACTER SET utf8mb4 COLLATE utf8mb4_0900_ai_ci NULL,
  `has_additional_service` tinyint(1) NULL DEFAULT NULL,
  `delivery_facility_type` varchar(255) CHARACTER SET utf8mb4 COLLATE utf8mb4_0900_ai_ci NULL DEFAULT NULL,
  `has_like_list` tinyint(1) NULL DEFAULT NULL,
  `is_offerable_v2` tinyint(1) NULL DEFAULT NULL,
  `is_dismissed` tinyint(1) NULL DEFAULT NULL
) ENGINE = InnoDB CHARACTER SET = utf8mb4 COLLATE = utf8mb4_0900_ai_ci ROW_FORMAT = DYNAMIC;

-- ----------------------------
-- Records of mercari_items
-- ----------------------------
INSERT INTO `mercari_items` VALUES ('m88479087694', '{\"id\":374690639,\"name\":\"♥パル♥\",\"photo_url\":\"https://static.mercdn.net/members/374690639.jpg?1598953638\",\"photo_thumbnail_url\":\"https://static.mercdn.net/thumb/members/374690639.jpg?1598953638\",\"register_sms_confirmation\":\"yes\",\"register_sms_confirmation_at\":\"2021-11-04 22:35:24\",\"created\":1575293117,\"num_sell_items\":982,\"ratings\":{\"good\":627,\"normal\":0,\"bad\":3},\"num_ratings\":630,\"score\":624,\"is_official\":false,\"quick_shipper\":false,\"star_rating_score\":5}', 'on_sale', '新品！喜平 プラチナ シルバー チェーン ネックレス Pt コート ユニセックス', 5899, '新品！喜平 プラチナ シルバー チェーン ネックレス Pt コート ユニセックス メンズ レディース ジュエリー 銀\r\n\r\n\r\n【 サイズ】\r\n約55cm\r\n\r\n太さ\r\n約 0.4cm\r\n\r\n重さ\r\n約7ｇ\r\n\r\n【 カラー】\r\nシルバー\r\n\r\n【 素材】\r\nPt900 プラチナ\r\nメッキコーティング\r\n\r\n\r\n※注意事項※\r\n・出品しております商品は、全て海外製品でございます。\r\n・クオリティや状態に個体差がある場合がございますので予めご了承くださいませ。\r\n・検品は常に行なっておりますが、商品が到着した際に万が一故障していたなどのトラブルがありましたら真摯にご対応させていただきますので必ず受け取り評価前にご連絡をお願いたします。\r\n・気になることや説明文に記載がない事項に関しましては、ご購入前にコメントにてご質問くださいませ。\r\n・説明文や画像に記載のある状態に関する事由や、サイズ感の違いなど購入者様のご都合による返品やクレームはご対応できかねます。\r\n・すべての商品に実物写真を追加しておりますので、気になる方は事前にご確認くださいませ。\r\n・同梱割引はご購入前にお申し付けいただければ可能でございますが、ご購入後は価格変更できないので価格はそのままでのお取引となります。\r\n・私本人の着画は行なっておりませんので、予めご了承くださいませ。\r\n・ご希望配達日時がある場合は、必ずご購入前にご連絡くださいませ。（購入後即日〜2日以内に発送いたします）\r\n\r\n\r\nY349', '[\"https://static.mercdn.net/item/detail/orig/photos/m88479087694_1.jpg?1678194266\",\"https://static.mercdn.net/item/detail/orig/photos/m88479087694_2.jpg?1678194266\",\"https://static.mercdn.net/item/detail/orig/photos/m88479087694_3.jpg?1678194266\",\"https://static.mercdn.net/item/detail/orig/photos/m88479087694_4.jpg?1678194266\"]', '[\"photos/m88479087694_1.jpg\",\"photos/m88479087694_2.jpg\",\"photos/m88479087694_3.jpg\",\"photos/m88479087694_4.jpg\"]', '[\"https://static.mercdn.net/c!/w=240/thumb/photos/m88479087694_1.jpg?1678194266\"]', '{\"id\":226,\"name\":\"ネックレス\",\"display_order\":50,\"parent_category_id\":21,\"parent_category_name\":\"アクセサリー\",\"root_category_id\":1,\"root_category_name\":\"レディース\",\"brand_group_id\":1}', '{\"id\":1,\"name\":\"新品、未使用\"}', '[]', '{\"id\":2,\"name\":\"送料込み(出品者負担)\",\"code\":\"seller\"}', '{\"id\":17,\"name\":\"ゆうゆうメルカリ便\",\"is_deprecated\":\"no\"}', '{\"id\":40,\"name\":\"福岡県\"}', '{\"id\":1,\"name\":\"1~2日で発送\",\"min_days\":1,\"max_days\":2}', '{\"id\":0,\"fee\":0,\"icon_id\":0,\"pickup_fee\":0,\"shipping_fee\":0,\"total_fee\":0,\"is_pickup\":false}', 3, 0, '[]', 1679033300, 1678194266, 5455048781, 0, 'c6ac0ae56d6dfbb8e36eab4a343f6592', 0, '{}', 'no', '[]', 1, 1, 0, 0, '', 0, 1, 0, '[]', 0, 'japan_post', 0, 0, 0);
INSERT INTO `mercari_items` VALUES ('m11971875134', '{\"id\":517801442,\"name\":\"もか\",\"photo_url\":\"https://static.mercdn.net/members/517801442.jpg?1668048022\",\"photo_thumbnail_url\":\"https://static.mercdn.net/thumb/members/517801442.jpg?1668048022\",\"register_sms_confirmation\":\"yes\",\"register_sms_confirmation_at\":\"2022-08-10 12:38:13\",\"created\":1467048248,\"num_sell_items\":793,\"ratings\":{\"good\":579,\"normal\":0,\"bad\":2},\"num_ratings\":581,\"score\":577,\"is_official\":false,\"quick_shipper\":false,\"star_rating_score\":5}', 'on_sale', '猫 バック エコバック ねこ トートバッグ かばん バッグ サブバッグ 白', 1280, '猫好きな方へおすすめ♡ 可愛い猫が印象的なトートバックです♪\n肩がけが出来て、お買い物やサブバック、エコバックなどに使いやすいバッグです! A4サイズもしっかり入るので学生さんにもおすすめです! 肩からかけられる長めの紐が便利な猫デザインがかわいいトートバッグ\n普段のお出かけやお仕事用など、デイリー使いにおすすめ!\n\n【カラー】 白 ホワイト\n【サイズ】 縦:約37cm(持ち手なしで)   約68cm(持ち手ありで) 横:約39cm\n   \n※マチなしです\n【素材】 リネン ポリエステル\n※柄は表裏同じです ※ポケット、ファスナー、ボタンはありません\n軽くて持ちやすいので、通勤、通学、収納、ショッピング、ビジネス、国内、海外旅行、出張など に!\n使っていない時はコンパクトに折り畳めて持ち運びにも便利です。 季節を問わずお使いいただけ、末長くお使いいただけます。\n\nご留意点\n◆入荷時点で折り畳みジワがついている場合ございます。 また発送時、折りたたんで発送のため折り畳みジワなどが付く場合がございます。\n\n ◆海外インポート品のため、日本製より縫製が甘い場合や細かい傷、汚れがある場合もありま す。\n◆サイズやイメージが違うなどのお客様都合による返品キャンセルが対応できません。 \n◆ご覧になるモニター環境などによって、商品画像と実際の色味が若干異なる場合がございま す。 \n◆ご到着時、不具合や不良品などがございましたら、評価前にご連絡ください。返品・交換は最 後まで責任もって行います。\n  ご理解の上、ご購入お願いします。 気になる方や完璧を求める方はご購入をお控えください。', '[\"https://static.mercdn.net/item/detail/orig/photos/m11971875134_1.jpg?1678486365\",\"https://static.mercdn.net/item/detail/orig/photos/m11971875134_2.jpg?1678486365\",\"https://static.mercdn.net/item/detail/orig/photos/m11971875134_3.jpg?1678486365\",\"https://static.mercdn.net/item/detail/orig/photos/m11971875134_4.jpg?1678486365\",\"https://static.mercdn.net/item/detail/orig/photos/m11971875134_5.jpg?1678486365\",\"https://static.mercdn.net/item/detail/orig/photos/m11971875134_6.jpg?1678486365\"]', '[\"photos/m11971875134_1.jpg\",\"photos/m11971875134_2.jpg\",\"photos/m11971875134_3.jpg\",\"photos/m11971875134_4.jpg\",\"photos/m11971875134_5.jpg\",\"photos/m11971875134_6.jpg\"]', '[\"https://static.mercdn.net/c!/w=240/thumb/photos/m11971875134_1.jpg?1678486365\"]', '{\"id\":209,\"name\":\"トートバッグ\",\"display_order\":50,\"parent_category_id\":20,\"parent_category_name\":\"バッグ\",\"root_category_id\":1,\"root_category_name\":\"レディース\",\"brand_group_id\":1}', '{\"id\":1,\"name\":\"新品、未使用\"}', '[]', '{\"id\":2,\"name\":\"送料込み(出品者負担)\",\"code\":\"seller\"}', '{\"id\":17,\"name\":\"ゆうゆうメルカリ便\",\"is_deprecated\":\"no\"}', '{\"id\":99,\"name\":\"未定\"}', '{\"id\":1,\"name\":\"1~2日で発送\",\"min_days\":1,\"max_days\":2}', '{\"id\":0,\"fee\":0,\"icon_id\":0,\"pickup_fee\":0,\"shipping_fee\":0,\"total_fee\":0,\"is_pickup\":false}', 0, 0, '[]', 1678965567, 1678486365, 5455925078, 0, '3011d72cb30214fa650edae9fff11ed9', 0, '{}', 'no', '[]', 1, 1, 0, 0, '', 0, 1, 0, '[]', 0, 'japan_post', 0, 0, 0);
INSERT INTO `mercari_items` VALUES ('m12973961446', '{\"id\":572507687,\"name\":\"オムライス坊や\",\"photo_url\":\"https://static.mercdn.net/members/572507687.jpg?1678282437\",\"photo_thumbnail_url\":\"https://static.mercdn.net/thumb/members/572507687.jpg?1678282437\",\"register_sms_confirmation\":\"yes\",\"register_sms_confirmation_at\":\"2023-02-26 13:31:43\",\"created\":1489235686,\"num_sell_items\":247,\"ratings\":{\"good\":236,\"normal\":8,\"bad\":5},\"num_ratings\":249,\"score\":231,\"is_official\":false,\"quick_shipper\":false,\"star_rating_score\":4.5}', 'on_sale', 'イーブイ 189/BW-P BW キラ イーブイコレクションファイル プロモ', 28000, '※丁寧に扱ってコレクションしていた物ですが、商品の見た目は素人判断と言う事で状態の表記は主観的なものです。\n画像での状態確認後、納得いただけた方のみご購入下さい。\nトラブル回避のため、完品をお求めの方は購入をお控え下さい。\n\n・スリーブに入れ、防水対策をした上で発送致します。\n\n検索用\nちからをよぶ\n旧裏\nポケモンカード\n1ED\n1ed\nneo\nVS\nWeb\ne\nADV\nPCG\nGB\n拡張シート\nプロモ\nEvoli\nEevee', '[\"https://static.mercdn.net/item/detail/orig/photos/m12973961446_1.jpg?1678965558\",\"https://static.mercdn.net/item/detail/orig/photos/m12973961446_2.jpg?1678965558\"]', '[\"photos/m12973961446_1.jpg\",\"photos/m12973961446_2.jpg\"]', '[\"https://static.mercdn.net/c!/w=240/thumb/photos/m12973961446_1.jpg?1678965558\"]', '{\"id\":1289,\"name\":\"ポケモンカードゲーム\",\"display_order\":30,\"parent_category_id\":82,\"parent_category_name\":\"トレーディングカード\",\"root_category_id\":1328,\"root_category_name\":\"おもちゃ・ホビー・グッズ\"}', '{\"id\":3,\"name\":\"目立った傷や汚れなし\"}', '[]', '{\"id\":2,\"name\":\"送料込み(出品者負担)\",\"code\":\"seller\"}', '{\"id\":14,\"name\":\"らくらくメルカリ便\",\"is_deprecated\":\"no\"}', '{\"id\":13,\"name\":\"東京都\"}', '{\"id\":2,\"name\":\"2~3日で発送\",\"min_days\":2,\"max_days\":3}', '{\"id\":0,\"fee\":0,\"icon_id\":0,\"pickup_fee\":0,\"shipping_fee\":0,\"total_fee\":0,\"is_pickup\":false}', 1, 0, '[]', 1679014281, 1678965558, 5457362657, 0, '049ef231a6e3bb11f8c70e80eb7b4477', 0, '{}', 'no', '[]', 1, 1, 0, 0, '', 0, 1, 0, '[]', 0, NULL, 0, 0, 0);
INSERT INTO `mercari_items` VALUES ('m15694056479', '{\"id\":819189853,\"name\":\"るい@コメント無し・即購入大歓迎！\",\"photo_url\":\"https://static.mercdn.net/members/819189853.jpg?1629297435\",\"photo_thumbnail_url\":\"https://static.mercdn.net/thumb/members/819189853.jpg?1629297435\",\"register_sms_confirmation\":\"yes\",\"register_sms_confirmation_at\":\"2023-02-24 19:57:44\",\"created\":1629288864,\"num_sell_items\":2605,\"ratings\":{\"good\":1834,\"normal\":0,\"bad\":45},\"num_ratings\":1879,\"score\":1789,\"is_official\":false,\"quick_shipper\":false,\"star_rating_score\":4.5}', 'on_sale', 'iPhone充電ケーブル 新品 データ転送 初期不良対応 1m&2m', 1799, 'アカウント認証済み！24時間以内発送！匿名配送対応！(３セット以上)\r\n\r\n◆注意◆\r\n評価0で大量出品しているユーザーはすぐに凍結する使い捨てアカウントです。\r\n不良品が送られてきても返品や交換対応はされません！\r\n\r\n■商品詳細\r\nMFI認証済み！ iPhone ライトニングケーブル！\r\n\r\n充電速度は純正品と同じ2.4Aに対応。\r\n\r\nデータ転送対応！最新OSアップデート後も使えます！\r\n\r\n※iPhone購入時付属のケーブルではありません(Apple 正規品ではありません)\r\n※初期不良など商品に問題がありましたらそのまま評価はせずすぐにご連絡下さい※コメント不要、お値下げ不可のため即購入お願いします\r\n※匿名配送ご希望の場合のみコメントにてお伝えください、ない場合は追跡発送になります\r\n\r\n■料金表\r\n\r\n1m&2m 1セット 699円\r\n1m&2m 2セット 999円\r\n1m&2m 3セット 1399円\r\n1m&2m 4セット 1799円\r\n1m&2m 5セット 1999円\r\n\r\n \r\n　\r\n■対応機種\r\niOS8、iOS9、iOS10、iOS11、iOS12\r\niOS13、iOS14、iOS15、iOS16対応\r\n\r\niPhone5以降の全機種\r\n\r\niPhone14シリーズ対応\r\n\r\nその他にも\r\n・AirPods シリーズ\r\n・iPadシリーズ\r\n対応しています\r\n\r\n\r\n⭐︎普通郵便で発送になりますが、\r\n郵送事故等の場合でもしっかり対応させて頂きます。\r\n\r\n⭐︎初期不良の際は必ず評価前にご連絡を下さい。', '[\"https://static.mercdn.net/item/detail/orig/photos/m15694056479_1.jpg?1678121110\",\"https://static.mercdn.net/item/detail/orig/photos/m15694056479_2.jpg?1678121110\",\"https://static.mercdn.net/item/detail/orig/photos/m15694056479_3.jpg?1678121110\"]', '[\"photos/m15694056479_1.jpg\",\"photos/m15694056479_2.jpg\",\"photos/m15694056479_3.jpg\"]', '[\"https://static.mercdn.net/c!/w=240/thumb/photos/m15694056479_1.jpg?1678121110\"]', '{\"id\":863,\"name\":\"バッテリー/充電器\",\"display_order\":50,\"parent_category_id\":100,\"parent_category_name\":\"スマートフォン/携帯電話\",\"root_category_id\":7,\"root_category_name\":\"家電・スマホ・カメラ\",\"brand_group_id\":1}', '{\"id\":1,\"name\":\"新品、未使用\"}', '[]', '{\"id\":2,\"name\":\"送料込み(出品者負担)\",\"code\":\"seller\"}', '{\"id\":13,\"name\":\"クリックポスト\",\"is_deprecated\":\"no\"}', '{\"id\":27,\"name\":\"大阪府\"}', '{\"id\":1,\"name\":\"1~2日で発送\",\"min_days\":1,\"max_days\":2}', '{\"id\":0,\"fee\":0,\"icon_id\":0,\"pickup_fee\":0,\"shipping_fee\":0,\"total_fee\":0,\"is_pickup\":false}', 0, 0, '[]', 1678965580, 1678121110, 5454829313, 0, '157f42a758ad95d71e45e0c3643c357d', 0, '{}', 'no', '[]', 0, 1, 0, 0, '', 0, 1, 0, '[]', 0, NULL, 0, 1, 0);
INSERT INTO `mercari_items` VALUES ('m16198093832', '{\"id\":841475942,\"name\":\"風太ちゃん\",\"photo_url\":\"https://static.mercdn.net/members/841475942.jpg?1646732750\",\"photo_thumbnail_url\":\"https://static.mercdn.net/thumb/members/841475942.jpg?1646732750\",\"register_sms_confirmation\":\"yes\",\"register_sms_confirmation_at\":\"2021-04-02 19:42:45\",\"created\":1501242974,\"num_sell_items\":105,\"ratings\":{\"good\":83,\"normal\":1,\"bad\":0},\"num_ratings\":84,\"score\":83,\"is_official\":false,\"quick_shipper\":true,\"star_rating_score\":5}', 'on_sale', '浦島坂田船 坂田 グッズ', 3611, '浦島坂田船 となりの坂田 あほの坂田 アクキー アクリルスタンド 手ぬぐい お守り ポラロイド風アクリルカード \n     \n5400円(定価)→2800円＋送料手数料 \n  \n2019春ツアー     \n・アクスタ(袋入れ替え済み)\n・手ぬぐい(未開封)\n・お守り(未開封)\n \nそらまふうらさか\n・アクキー(未開封)\n \n2020春ツアー\n・アクスタ(未開封)\n・ポラロイド風アクリルカード(未開封)\n \nプチプチ1~2重で発送いたします。\n \n即購入⭕️\nバラ売り△(定価＋送料手数料)', '[\"https://static.mercdn.net/item/detail/orig/photos/m16198093832_1.jpg?1677073508\"]', '[\"photos/m16198093832_1.jpg\"]', '[\"https://static.mercdn.net/c!/w=240/thumb/photos/m16198093832_1.jpg?1677073508\"]', '{\"id\":745,\"name\":\"キャラクターグッズ\",\"display_order\":40,\"parent_category_id\":83,\"parent_category_name\":\"おもちゃ\",\"root_category_id\":1328,\"root_category_name\":\"おもちゃ・ホビー・グッズ\"}', '{\"id\":2,\"name\":\"未使用に近い\"}', '[]', '{\"id\":2,\"name\":\"送料込み(出品者負担)\",\"code\":\"seller\"}', '{\"id\":14,\"name\":\"らくらくメルカリ便\",\"is_deprecated\":\"no\"}', '{\"id\":22,\"name\":\"静岡県\"}', '{\"id\":2,\"name\":\"2~3日で発送\",\"min_days\":2,\"max_days\":3}', '{\"id\":0,\"fee\":0,\"icon_id\":0,\"pickup_fee\":0,\"shipping_fee\":0,\"total_fee\":0,\"is_pickup\":false}', 0, 0, '[]', 1678965567, 1677073508, 5451686507, 0, 'c049b107dbc92fa6a4107556ecf7e3af', 0, '{}', 'no', '[]', 1, 1, 0, 0, '', 0, 1, 0, '[]', 0, NULL, 0, 0, 0);

-- ----------------------------
-- Table structure for posts
-- ----------------------------
DROP TABLE IF EXISTS `posts`;
CREATE TABLE `posts`  (
  `id` int NOT NULL AUTO_INCREMENT COMMENT '主键id',
  `author_id` int NULL DEFAULT NULL COMMENT '文章作者id',
  `serial_id` int NULL DEFAULT NULL COMMENT '文章所属连载id',
  `title` varchar(60) CHARACTER SET utf8mb4 COLLATE utf8mb4_0900_ai_ci NOT NULL COMMENT '文章标题',
  `content` varchar(2000) CHARACTER SET utf8mb4 COLLATE utf8mb4_0900_ai_ci NOT NULL COMMENT '文章内容',
  `content_html` varchar(5000) CHARACTER SET utf8mb4 COLLATE utf8mb4_0900_ai_ci NOT NULL COMMENT '文章内容html格式\r\n',
  `abstract` varchar(500) CHARACTER SET utf8mb4 COLLATE utf8mb4_0900_ai_ci NOT NULL COMMENT '文章摘要',
  `status` int NULL DEFAULT 0 COMMENT '文章状态 0 代表草稿 1: 发布',
  `updated_at` datetime NULL DEFAULT NULL COMMENT '更新时间',
  `created_at` datetime NULL DEFAULT NULL COMMENT '创建时间',
  PRIMARY KEY (`id`) USING BTREE,
  INDEX `author`(`author_id`) USING BTREE,
  INDEX `serial`(`serial_id`) USING BTREE,
  CONSTRAINT `author` FOREIGN KEY (`author_id`) REFERENCES `users` (`id`) ON DELETE RESTRICT ON UPDATE RESTRICT,
  CONSTRAINT `serial` FOREIGN KEY (`serial_id`) REFERENCES `serial` (`id`) ON DELETE RESTRICT ON UPDATE RESTRICT
) ENGINE = InnoDB AUTO_INCREMENT = 167 CHARACTER SET = utf8mb4 COLLATE = utf8mb4_0900_ai_ci ROW_FORMAT = DYNAMIC;

-- ----------------------------
-- Records of posts
-- ----------------------------
INSERT INTO `posts` VALUES (106, 106, 1, '苯的简介456', '苯（Benzene），是一种有机化合物，是最简单的芳烃，化学式是C6H6，在常温下是甜味、可燃、有致癌毒性的无色透明液体，并带有强烈的芳香气味。 它难溶于水，易溶于有机溶剂，本身也可作为有机溶剂。 苯具有的环系叫苯环，苯环去掉一个氢原子以后的结构叫苯基，用Ph表示，因此苯的化学式也可写作PhH。', '<p>苯（Benzene），是一种有机化合物，是最简单的芳烃，化学式是C6H6，在常温下是甜味、可燃、有致癌毒性的无色透明液体，并带有强烈的芳香气味。 它难溶于水，易溶于有机溶剂，本身也可作为有机溶剂。 苯具有的环系叫苯环，苯环去掉一个氢原子以后的结构叫苯基，用Ph表示，因此苯的化学式也可写作PhH。</p>\n', '苯（Benzene），是一种有机化合物，是最简单的芳烃，化学式是C6H6，在常温下是甜味、可燃、有致癌毒性的无色透明液体，并带有强烈的芳香气味。 它难溶于水，易溶于有机溶剂，本身也可作为有机溶剂。 苯', 1, '2023-02-19 00:28:39', '2023-01-22 14:56:09');
INSERT INTO `posts` VALUES (107, 106, 1, '三只可爱小松鼠', 'ddddd\n\n ![](https://cdn.pixabay.com/photo/2022/02/06/15/58/squirrel-6997505_960_720.jpg)\n\n\n![](https://cdn.pixabay.com/photo/2022/10/21/08/39/cat-7536508_960_720.jpg)\n\n\n![](https://cdn.pixabay.com/photo/2022/11/14/19/25/squirrel-7592356_960_720.jpg)', '<p>ddddd</p>\n<p> <img src=\"https://cdn.pixabay.com/photo/2022/02/06/15/58/squirrel-6997505_960_720.jpg\" alt=\"\"></p>\n<p><img src=\"https://cdn.pixabay.com/photo/2022/10/21/08/39/cat-7536508_960_720.jpg\" alt=\"\"></p>\n<p><img src=\"https://cdn.pixabay.com/photo/2022/11/14/19/25/squirrel-7592356_960_720.jpg\" alt=\"\"></p>\n', 'ddddd\n\n ![](https://cdn.pixabay.com/photo/2022/02/06/15/58/squirrel-6997505_960_720.jpg)\n\n\n![](https', 1, '2023-02-16 14:24:20', '2022-11-21 10:06:52');
INSERT INTO `posts` VALUES (108, 111, NULL, '震惊，小明的好友竟让是她', '震惊，小明的好友竟让是她，到底应该如何实现。 培根曾经说过，合理安排时间，就等于节约时间。带着这句话，我们还要更加慎重的审视这个问题： 总结的来说， 我们都知道，只要有意义，那么就必须慎重考虑。 普列姆昌德说过一句富有哲理的话，希望的灯一旦熄灭，生活刹那间变成了一片黑暗。这句话语虽然很短，但令我浮想联翩。 一般来说， 那么， 黑塞曾经提到过，有勇气承担命运这才是英雄好汉。我希望诸位也能好好地体会这句话。 这样看来， 了解清楚震惊，小明的好友竟让是她到底是一种怎么样的存在，是解决一切问题的关键。 雷锋在不经意间这样说过，自己活着，就是为了使别人过得更美好。我希望诸位也能好好地体会这句话。', '<p>震惊，小明的好友竟让是她，到底应该如何实现。 培根曾经说过，合理安排时间，就等于节约时间。带着这句话，我们还要更加慎重的审视这个问题： 总结的来说， 我们都知道，只要有意义，那么就必须慎重考虑。 普列姆昌德说过一句富有哲理的话，希望的灯一旦熄灭，生活刹那间变成了一片黑暗。这句话语虽然很短，但令我浮想联翩。 一般来说， 那么， 黑塞曾经提到过，有勇气承担命运这才是英雄好汉。我希望诸位也能好好地体会这句话。 这样看来， 了解清楚震惊，小明的好友竟让是她到底是一种怎么样的存在，是解决一切问题的关键。 雷锋在不经意间这样说过，自己活着，就是为了使别人过得更美好。我希望诸位也能好好地体会这句话。</p>\n', '震惊，小明的好友竟让是她，到底应该如何实现。 培根曾经说过，合理安排时间，就等于节约时间。带着这句话，我们还要更加慎重的审视这个问题： 总结的来说， 我们都知道，只要有意义，那么就必须慎重考虑。 普列', 1, '2023-02-19 00:31:49', '2022-11-22 04:56:38');
INSERT INTO `posts` VALUES (109, 109, NULL, '机器人向你问好', '要想清楚，机器人向你问好，到底是一种怎么样的存在。 带着这些问题，我们来审视一下机器人向你问好。 拉罗什福科说过一句富有哲理的话，我们唯一不会改正的缺点是软弱。这启发了我， 裴斯泰洛齐说过一句富有哲理的话，今天应做的事没有做，明天再早也是耽误了。这不禁令我深思。 本人也是经过了深思熟虑，在每个日日夜夜思考这个问题。 一般来说， 那么， 既然如此， 生活中，若机器人向你问好出现了，我们就不得不考虑它出现了的事实。 经过上述讨论， 既然如此， 经过上述讨论， 对我个人而言，机器人向你问好不仅仅是一个重大的事件，还可能会改变我的人生。 我认为， 本人也是经过了深思熟虑，在每个日日夜夜思考这个问题。 生活中，若机器人向你问好出现了，我们就不得不考虑它出现了的事实。 ', '<p>要想清楚，机器人向你问好，到底是一种怎么样的存在。 带着这些问题，我们来审视一下机器人向你问好。 拉罗什福科说过一句富有哲理的话，我们唯一不会改正的缺点是软弱。这启发了我， 裴斯泰洛齐说过一句富有哲理的话，今天应做的事没有做，明天再早也是耽误了。这不禁令我深思。 本人也是经过了深思熟虑，在每个日日夜夜思考这个问题。 一般来说， 那么， 既然如此， 生活中，若机器人向你问好出现了，我们就不得不考虑它出现了的事实。 经过上述讨论， 既然如此， 经过上述讨论， 对我个人而言，机器人向你问好不仅仅是一个重大的事件，还可能会改变我的人生。 我认为， 本人也是经过了深思熟虑，在每个日日夜夜思考这个问题。 生活中，若机器人向你问好出现了，我们就不得不考虑它出现了的事实。 </p>\n', '要想清楚，机器人向你问好，到底是一种怎么样的存在。 带着这些问题，我们来审视一下机器人向你问好。 拉罗什福科说过一句富有哲理的话，我们唯一不会改正的缺点是软弱。这启发了我， 裴斯泰洛齐说过一句富有哲理', 1, '2023-02-19 00:56:45', '2022-11-22 04:57:20');
INSERT INTO `posts` VALUES (110, 107, NULL, '因长得太好看，被全网禁止整容的小红，现在美得不敢认', '一般来讲，我们都必须务必慎重的考虑考虑。 既然如此， 本人也是经过了深思熟虑，在每个日日夜夜思考这个问题。 一般来说， 我认为， 查尔斯·史考伯在不经意间这样说过，一个人几乎可以在任何他怀有无限热忱的事情上成功。 这启发了我， 问题的关键究竟为何？ 本人也是经过了深思熟虑，在每个日日夜夜思考这个问题。 这种事实对本人来说意义重大，相信对这个世界也是有一定意义的。\n　　因长得太好看，被全网禁止整容的小红，现在美得不敢认，到底应该如何实现。 现在，解决因长得太好看，被全网禁止整容的小红，现在美得不敢认的问题，是非常非常重要的。 所以， 生活中，若因长得太好看，被全网禁止整容的小红，现在美得不敢认出现了，我们就不得不考虑它出现了的事实。 在这种困难的抉择下，本人思来想去，寝食难安。 在这种困难的抉择下，本人思来想去，寝食难安。', '<p>一般来讲，我们都必须务必慎重的考虑考虑。 既然如此， 本人也是经过了深思熟虑，在每个日日夜夜思考这个问题。 一般来说， 我认为， 查尔斯·史考伯在不经意间这样说过，一个人几乎可以在任何他怀有无限热忱的事情上成功。 这启发了我， 问题的关键究竟为何？ 本人也是经过了深思熟虑，在每个日日夜夜思考这个问题。 这种事实对本人来说意义重大，相信对这个世界也是有一定意义的。\n　　因长得太好看，被全网禁止整容的小红，现在美得不敢认，到底应该如何实现。 现在，解决因长得太好看，被全网禁止整容的小红，现在美得不敢认的问题，是非常非常重要的。 所以， 生活中，若因长得太好看，被全网禁止整容的小红，现在美得不敢认出现了，我们就不得不考虑它出现了的事实。 在这种困难的抉择下，本人思来想去，寝食难安。 在这种困难的抉择下，本人思来想去，寝食难安。</p>\n', '一般来讲，我们都必须务必慎重的考虑考虑。 既然如此， 本人也是经过了深思熟虑，在每个日日夜夜思考这个问题。 一般来说， 我认为， 查尔斯·史考伯在不经意间这样说过，一个人几乎可以在任何他怀有无限热忱的', 1, '2023-02-19 09:04:17', '2022-11-22 04:58:25');
INSERT INTO `posts` VALUES (111, 108, NULL, '孙子在超市打碎一盒蛋，店员要求10倍赔偿，老祖宗的话让人哑口无言', '我希望诸位也能好好地体会这句话。 从这个角度来看， 总结的来说， 我认为， 经过上述讨论， 克劳斯·莫瑟爵士说过一句富有哲理的话，教育需要花费钱，而无知也是一样。这不禁令我深思。 了解清楚孙子在超市打碎一盒蛋，店员要求10倍赔偿，老祖宗的话让人哑口无言到底是一种怎么样的存在，是解决一切问题的关键。 我认为， 可是，即使是这样，孙子在超市打碎一盒蛋，店员要求10倍赔偿，老祖宗的话让人哑口无言的出现仍然代表了一定的意义。 冯学峰说过一句富有哲理的话，当一个人用工作去迎接光明，光明很快就会来照耀着他。这启发了我， 孙子在超市打碎一盒蛋，店员要求10倍赔偿，老祖宗的话让人哑口无言的发生，到底需要如何做到，不孙子在超市打碎一盒蛋，店员要求10倍赔偿，老祖宗的话让人哑口无言的发生，又会如何产生。 本人也是经过了深思熟虑，在每个日日夜夜思考这个问题。 左拉曾经说过，生活的道路一旦选定，就要勇敢地走到底，决不回头。带着这句话，我们还要更加慎重的审视这个问题： 要想清楚，孙子在超市打碎一盒蛋，店员要求10倍赔偿，老祖宗的话让人哑口无言，到底是一种怎么样的存在。 孙子在超市打碎一盒蛋，店员要求10倍赔偿，老祖宗的话让人哑口无言因何而发生？ 带着这些问题，我们来审视一下孙子在超市打碎一盒蛋，店员要求10倍赔偿，老祖宗的话让人哑口无言。 在这种困难的抉择下，本人思来想去，寝食难安。 所谓孙子在超市打碎一盒蛋，店员要求10倍赔偿，老祖宗的话让人哑口无言，关键是孙子在超市打碎一盒蛋，店员要求10倍赔偿，老祖宗的话让人哑口无言需要如何写。 对我个人而言，孙子在超市打碎一盒蛋，店员要求10倍赔偿，老祖宗的话让人哑口无言不仅仅是一个重大的事件，还可能会改变我的人生。 要想清楚，孙子在超市打碎一盒蛋，店员要求10倍赔偿，老祖宗的话让人哑口无言，到底是一种怎么样的存在。 而这些并不是完全重要，更加重要的问题是， 生活中，若孙子在超市打碎一盒蛋，店员要求10倍赔偿，老祖宗的话让人哑口无言出现了，我们就不得不考虑它出现了的事实。 达尔文曾经说过，敢于浪费哪怕一个钟头时间的人，说明他还不懂得珍惜生命的全部价值。这启发了我， 孙子在超市打碎一盒蛋，店员要求10倍赔偿，老祖宗的话让人哑口无言，发生了会如何，不发生又会如何。 带着这些问题，我们来审视一下孙子在超市打碎一盒蛋，店员要求10倍赔偿，老祖宗的话让人哑口无言。 在这种困难的抉择下，本人思来想去，寝食难安。 伏尔泰曾经提到过，不经巨大的困难，不会有伟大的事业。我希望诸位也能好好地体会这句话。 带着这些问题，我们来审视一下孙子在超市打碎一盒蛋，店员要求10倍赔偿，老祖宗的话让人哑口无言。 我们一般认为，抓住了问题的关键，其他一切则会迎刃而解。 伏尔泰曾经说过，不经巨大的困难，不会有伟大的事业。带着这句话，我们还要更加慎重的审视这个问题： 而这些并不是完全重要，更加重要的问题是， 了解清楚孙子在超市打碎一盒蛋，店员要求10倍赔偿，老祖宗的话让人哑口无言到底是一种怎么样的存在，是解决一切问题的关键。', '<p>我希望诸位也能好好地体会这句话。 从这个角度来看， 总结的来说， 我认为， 经过上述讨论， 克劳斯·莫瑟爵士说过一句富有哲理的话，教育需要花费钱，而无知也是一样。这不禁令我深思。 了解清楚孙子在超市打碎一盒蛋，店员要求10倍赔偿，老祖宗的话让人哑口无言到底是一种怎么样的存在，是解决一切问题的关键。 我认为， 可是，即使是这样，孙子在超市打碎一盒蛋，店员要求10倍赔偿，老祖宗的话让人哑口无言的出现仍然代表了一定的意义。 冯学峰说过一句富有哲理的话，当一个人用工作去迎接光明，光明很快就会来照耀着他。这启发了我， 孙子在超市打碎一盒蛋，店员要求10倍赔偿，老祖宗的话让人哑口无言的发生，到底需要如何做到，不孙子在超市打碎一盒蛋，店员要求10倍赔偿，老祖宗的话让人哑口无言的发生，又会如何产生。 本人也是经过了深思熟虑，在每个日日夜夜思考这个问题。 左拉曾经说过，生活的道路一旦选定，就要勇敢地走到底，决不回头。带着这句话，我们还要更加慎重的审视这个问题： 要想清楚，孙子在超市打碎一盒蛋，店员要求10倍赔偿，老祖宗的话让人哑口无言，到底是一种怎么样的存在。 孙子在超市打碎一盒蛋，店员要求10倍赔偿，老祖宗的话让人哑口无言因何而发生？ 带着这些问题，我们来审视一下孙子在超市打碎一盒蛋，店员要求10倍赔偿，老祖宗的话让人哑口无言。 在这种困难的抉择下，本人思来想去，寝食难安。 所谓孙子在超市打碎一盒蛋，店员要求10倍赔偿，老祖宗的话让人哑口无言，关键是孙子在超市打碎一盒蛋，店员要求10倍赔偿，老祖宗的话让人哑口无言需要如何写。 对我个人而言，孙子在超市打碎一盒蛋，店员要求10倍赔偿，老祖宗的话让人哑口无言不仅仅是一个重大的事件，还可能会改变我的人生。 要想清楚，孙子在超市打碎一盒蛋，店员要求10倍赔偿，老祖宗的话让人哑口无言，到底是一种怎么样的存在。 而这些并不是完全重要，更加重要的问题是， 生活中，若孙子在超市打碎一盒蛋，店员要求10倍赔偿，老祖宗的话让人哑口无言出现了，我们就不得不考虑它出现了的事实。 达尔文曾经说过，敢于浪费哪怕一个钟头时间的人，说明他还不懂得珍惜生命的全部价值。这启发了我， 孙子在超市打碎一盒蛋，店员要求10倍赔偿，老祖宗的话让人哑口无言，发生了会如何，不发生又会如何。 带着这些问题，我们来审视一下孙子在超市打碎一盒蛋，店员要求10倍赔偿，老祖宗的话让人哑口无言。 在这种困难的抉择下，本人思来想去，寝食难安。 伏尔泰曾经提到过，不经巨大的困难，不会有伟大的事业。我希望诸位也能好好地体会这句话。 带着这些问题，我们来审视一下孙子在超市打碎一盒蛋，店员要求10倍赔偿，老祖宗的话让人哑口无言。 我们一般认为，抓住了问题的关键，其他一切则会迎刃而解。 伏尔泰曾经说过，不经巨大的困难，不会有伟大的事业。带着这句话，我们还要更加慎重的审视这个问题： 而这些并不是完全重要，更加重要的问题是， 了解清楚孙子在超市打碎一盒蛋，店员要求10倍赔偿，老祖宗的话让人哑口无言到底是一种怎么样的存在，是解决一切问题的关键。</p>\n', '我希望诸位也能好好地体会这句话。 从这个角度来看， 总结的来说， 我认为， 经过上述讨论， 克劳斯·莫瑟爵士说过一句富有哲理的话，教育需要花费钱，而无知也是一样。这不禁令我深思。 了解清楚孙子在超市打', 1, '2023-02-19 08:59:43', '2022-11-22 04:58:57');
INSERT INTO `posts` VALUES (112, 111, NULL, '软件被反超？又一社交软件巨头崛起，连续365天占据下载榜榜首！', '歌德说过一句富有哲理的话，意志坚强的人能把世界放在手中像泥块一样任意揉捏。这启发了我， 要想清楚，软件被反超？又一社交软件巨头崛起，连续365天占据下载榜榜首！，到底是一种怎么样的存在。 白哲特在不经意间这样说过，坚强的信念能赢得强者的心，并使他们变得更坚强。 这似乎解答了我的疑惑。 培根曾经提到过，合理安排时间，就等于节约时间。这似乎解答了我的疑惑。 可是，即使是这样，软件被反超？又一社交软件巨头崛起，连续365天占据下载榜榜首！的出现仍然代表了一定的意义。 塞内加说过一句富有哲理的话，勇气通往天堂，怯懦通往地狱。我希望诸位也能好好地体会这句话。 现在，解决软件被反超？又一社交软件巨头崛起，连续365天占据下载榜榜首！的问题，是非常非常重要的。 所以， 对我个人而言，软件被反超？又一社交软件巨头崛起，连续365天占据下载榜榜首！不仅仅是一个重大的事件，还可能会改变我的人生。 总结的来说， 对我个人而言，软件被反超？又一社交软件巨头崛起，连续365天占据下载榜榜首！不仅仅是一个重大的事件，还可能会改变我的人生。 我认为， 经过上述讨论， 我们都知道，只要有意义，那么就必须慎重考虑。 对我个人而言，软件被反超？又一社交软件巨头崛起，连续365天占据下载榜榜首！', '<p>歌德说过一句富有哲理的话，意志坚强的人能把世界放在手中像泥块一样任意揉捏。这启发了我， 要想清楚，软件被反超？又一社交软件巨头崛起，连续365天占据下载榜榜首！，到底是一种怎么样的存在。 白哲特在不经意间这样说过，坚强的信念能赢得强者的心，并使他们变得更坚强。 这似乎解答了我的疑惑。 培根曾经提到过，合理安排时间，就等于节约时间。这似乎解答了我的疑惑。 可是，即使是这样，软件被反超？又一社交软件巨头崛起，连续365天占据下载榜榜首！的出现仍然代表了一定的意义。 塞内加说过一句富有哲理的话，勇气通往天堂，怯懦通往地狱。我希望诸位也能好好地体会这句话。 现在，解决软件被反超？又一社交软件巨头崛起，连续365天占据下载榜榜首！的问题，是非常非常重要的。 所以， 对我个人而言，软件被反超？又一社交软件巨头崛起，连续365天占据下载榜榜首！不仅仅是一个重大的事件，还可能会改变我的人生。 总结的来说， 对我个人而言，软件被反超？又一社交软件巨头崛起，连续365天占据下载榜榜首！不仅仅是一个重大的事件，还可能会改变我的人生。 我认为， 经过上述讨论， 我们都知道，只要有意义，那么就必须慎重考虑。 对我个人而言，软件被反超？又一社交软件巨头崛起，连续365天占据下载榜榜首！</p>\n', '歌德说过一句富有哲理的话，意志坚强的人能把世界放在手中像泥块一样任意揉捏。这启发了我， 要想清楚，软件被反超？又一社交软件巨头崛起，连续365天占据下载榜榜首！，到底是一种怎么样的存在。 白哲特在不经', 1, '2023-02-19 00:33:27', '2022-11-22 04:59:27');
INSERT INTO `posts` VALUES (113, 107, NULL, '小红活动照片曝光，膀大腰圆“仙气”全无，满满的大妈既视感', '就我个人来说，小红活动照片曝光，膀大腰圆“仙气”全无，满满的大妈既视感对我的意义，不能不说非常重大。 要想清楚，小红活动照片曝光，膀大腰圆“仙气”全无，满满的大妈既视感，到底是一种怎么样的存在。 就我个人来说，小红活动照片曝光，膀大腰圆“仙气”全无，满满的大妈既视感对我的意义，不能不说非常重大。 从这个角度来看， 既然如此， 一般来说， 那么， 每个人都不得不面对这些问题。 在面对这种问题时， 所谓小红活动照片曝光，膀大腰圆“仙气”全无，满满的大妈既视感，关键是小红活动照片曝光，膀大腰圆“仙气”全无，满满的大妈既视感需要如何写。 从这个角度来看， 我认为， 小红活动照片曝光，膀大腰圆“仙气”全无，满满的大妈既视感的发生，到底需要如何做到，不小红活动照片曝光，膀大腰圆“仙气”全无，满满的大妈既视感的发生，又会如何产生。 我们一般认为，抓住了问题的关键，其他一切则会迎刃而解。 生活中，若小红活动照片曝光，膀大腰圆“仙气”全无，满满的大妈既视感出现了，我们就不得不考虑它出现了的事实。 在这种困难的抉择下，本人思来想去，寝食难安。 在这种困难的抉择下，本人思来想去，寝食难安。 卡耐基在不经意间这样说过，一个不注意小事情的人，永远不会成就大事业。这启发了我， 要想清楚，小红活动照片曝光，膀大腰圆“仙气”全无，满满的大妈既视感，到底是一种怎么样的存在。 在这种困难的抉择下，本人思来想去，寝食难安。 现在，解决小红活动照片曝光，膀大腰圆“仙气”全无，满满的大妈既视感的问题，是非常非常重要的。 所以， 既然如此， 我认为， 本人也是经过了深思熟虑，在每个日日夜夜思考这个问题。 对我个人而言，小红活动照片曝光，膀大腰圆“仙气”全无，满满的大妈既视感不仅仅是一个重大的事件，还可能会改变我的人生。 一般来说， 一般来讲，我们都必须务必慎重的考虑考虑。 每个人都不得不面对这些问题。 在面对这种问题时， 而这些并不是完全重要，更加重要的问题是， 所谓小红活动照片曝光，膀大腰圆“仙气”全无，满满的大妈既视感，关键是小红活动照片曝光，膀大腰圆“仙气”全无，满满的大妈既视感需要如何写。 本人也是经过了深思熟虑，在每个日日夜夜思考这个问题。 既然如此， 莎士比亚曾经说过，本来无望的事，大胆尝试，往往能成功。我希望诸位也能好好地体会这句话。 小红活动照片曝光，膀大腰圆“仙气”全无，满满的大妈既视感的发生，到底需要如何做到，不小红活动照片曝光，膀大腰圆“仙气”全无，满满的大妈既视感的发生，又会如何产生。 对我个人而言，小红活动照片曝光，膀大腰圆“仙气”全无，满满的大妈既视感不仅仅是一个重大的事件，还可能会改变我的人生。', '<p>就我个人来说，小红活动照片曝光，膀大腰圆“仙气”全无，满满的大妈既视感对我的意义，不能不说非常重大。 要想清楚，小红活动照片曝光，膀大腰圆“仙气”全无，满满的大妈既视感，到底是一种怎么样的存在。 就我个人来说，小红活动照片曝光，膀大腰圆“仙气”全无，满满的大妈既视感对我的意义，不能不说非常重大。 从这个角度来看， 既然如此， 一般来说， 那么， 每个人都不得不面对这些问题。 在面对这种问题时， 所谓小红活动照片曝光，膀大腰圆“仙气”全无，满满的大妈既视感，关键是小红活动照片曝光，膀大腰圆“仙气”全无，满满的大妈既视感需要如何写。 从这个角度来看， 我认为， 小红活动照片曝光，膀大腰圆“仙气”全无，满满的大妈既视感的发生，到底需要如何做到，不小红活动照片曝光，膀大腰圆“仙气”全无，满满的大妈既视感的发生，又会如何产生。 我们一般认为，抓住了问题的关键，其他一切则会迎刃而解。 生活中，若小红活动照片曝光，膀大腰圆“仙气”全无，满满的大妈既视感出现了，我们就不得不考虑它出现了的事实。 在这种困难的抉择下，本人思来想去，寝食难安。 在这种困难的抉择下，本人思来想去，寝食难安。 卡耐基在不经意间这样说过，一个不注意小事情的人，永远不会成就大事业。这启发了我， 要想清楚，小红活动照片曝光，膀大腰圆“仙气”全无，满满的大妈既视感，到底是一种怎么样的存在。 在这种困难的抉择下，本人思来想去，寝食难安。 现在，解决小红活动照片曝光，膀大腰圆“仙气”全无，满满的大妈既视感的问题，是非常非常重要的。 所以， 既然如此， 我认为， 本人也是经过了深思熟虑，在每个日日夜夜思考这个问题。 对我个人而言，小红活动照片曝光，膀大腰圆“仙气”全无，满满的大妈既视感不仅仅是一个重大的事件，还可能会改变我的人生。 一般来说， 一般来讲，我们都必须务必慎重的考虑考虑。 每个人都不得不面对这些问题。 在面对这种问题时， 而这些并不是完全重要，更加重要的问题是， 所谓小红活动照片曝光，膀大腰圆“仙气”全无，满满的大妈既视感，关键是小红活动照片曝光，膀大腰圆“仙气”全无，满满的大妈既视感需要如何写。 本人也是经过了深思熟虑，在每个日日夜夜思考这个问题。 既然如此， 莎士比亚曾经说过，本来无望的事，大胆尝试，往往能成功。我希望诸位也能好好地体会这句话。 小红活动照片曝光，膀大腰圆“仙气”全无，满满的大妈既视感的发生，到底需要如何做到，不小红活动照片曝光，膀大腰圆“仙气”全无，满满的大妈既视感的发生，又会如何产生。 对我个人而言，小红活动照片曝光，膀大腰圆“仙气”全无，满满的大妈既视感不仅仅是一个重大的事件，还可能会改变我的人生。</p>\n', '就我个人来说，小红活动照片曝光，膀大腰圆“仙气”全无，满满的大妈既视感对我的意义，不能不说非常重大。 要想清楚，小红活动照片曝光，膀大腰圆“仙气”全无，满满的大妈既视感，到底是一种怎么样的存在。 就我', 1, '2023-02-19 09:04:04', '2022-11-22 05:00:02');
INSERT INTO `posts` VALUES (114, 107, NULL, '100年前，那位嫁给小明弟弟的荷兰女孩，如今他们现状如何？', '所谓100年前，那位嫁给小明弟弟的荷兰女孩，如今他们现状如何？，关键是100年前，那位嫁给小明弟弟的荷兰女孩，如今他们现状如何？需要如何写。 那么， 总结的来说， 卡耐基在不经意间这样说过，我们若已接受最坏的，就再没有什么损失。这似乎解答了我的疑惑。 对我个人而言，100年前，那位嫁给小明弟弟的荷兰女孩，如今他们现状如何？不仅仅是一个重大的事件，还可能会改变我的人生。 我认为， 所谓100年前，那位嫁给小明弟弟的荷兰女孩，如今他们现状如何？，关键是100年前，那位嫁给小明弟弟的荷兰女孩，如今他们现状如何？需要如何写。\n　　这样看来， 既然如何， 赫尔普斯说过一句富有哲理的话，有时候读书是一种巧妙地避开思考的方法。这似乎解答了我的疑惑。 培根说过一句富有哲理的话，合理安排时间，就等于节约时间。这启发了我， 100年前，那位嫁给小明弟弟的荷兰女孩，如今他们现状如何？，发生了会如何，不发生又会如何。 带着这些问题，我们来审视一下100年前，那位嫁给小明弟弟的荷兰女孩，如今他们现状如何？。 既然如何， 既然如何， 100年前，那位嫁给小明弟弟的荷兰女孩，如今他们现状如何？，到底应该如何实现。 所谓100年前，那位嫁给小明弟弟的荷兰女孩，如今他们现状如何？，关键是100年前，那位嫁给小明弟弟的荷兰女孩，如今他们现状如何？需要如何写。', '<p>所谓100年前，那位嫁给小明弟弟的荷兰女孩，如今他们现状如何？，关键是100年前，那位嫁给小明弟弟的荷兰女孩，如今他们现状如何？需要如何写。 那么， 总结的来说， 卡耐基在不经意间这样说过，我们若已接受最坏的，就再没有什么损失。这似乎解答了我的疑惑。 对我个人而言，100年前，那位嫁给小明弟弟的荷兰女孩，如今他们现状如何？不仅仅是一个重大的事件，还可能会改变我的人生。 我认为， 所谓100年前，那位嫁给小明弟弟的荷兰女孩，如今他们现状如何？，关键是100年前，那位嫁给小明弟弟的荷兰女孩，如今他们现状如何？需要如何写。\n　　这样看来， 既然如何， 赫尔普斯说过一句富有哲理的话，有时候读书是一种巧妙地避开思考的方法。这似乎解答了我的疑惑。 培根说过一句富有哲理的话，合理安排时间，就等于节约时间。这启发了我， 100年前，那位嫁给小明弟弟的荷兰女孩，如今他们现状如何？，发生了会如何，不发生又会如何。 带着这些问题，我们来审视一下100年前，那位嫁给小明弟弟的荷兰女孩，如今他们现状如何？。 既然如何， 既然如何， 100年前，那位嫁给小明弟弟的荷兰女孩，如今他们现状如何？，到底应该如何实现。 所谓100年前，那位嫁给小明弟弟的荷兰女孩，如今他们现状如何？，关键是100年前，那位嫁给小明弟弟的荷兰女孩，如今他们现状如何？需要如何写。</p>\n', '所谓100年前，那位嫁给小明弟弟的荷兰女孩，如今他们现状如何？，关键是100年前，那位嫁给小明弟弟的荷兰女孩，如今他们现状如何？需要如何写。 那么， 总结的来说， 卡耐基在不经意间这样说过，我们若已接', 1, '2023-02-19 13:39:33', '2022-11-22 05:00:38');
INSERT INTO `posts` VALUES (115, 111, NULL, '小明被小兰质问：小三将来超过小四怎么办？小小回答获赞无数', '对我个人而言，小明被小兰质问：小三将来超过小四怎么办？小小回答获赞无数不仅仅是一个重大的事件，还可能会改变我的人生。 孔子曾经说过，知之者不如好之者，好之者不如乐之者。这启发了我， 对我个人而言，小明被小兰质问：小三将来超过小四怎么办？小小回答获赞无数不仅仅是一个重大的事件，还可能会改变我的人生。 本人也是经过了深思熟虑，在每个日日夜夜思考这个问题。 洛克说过一句富有哲理的话，学到很多东西的诀窍，就是一下子不要学很多。我希望诸位也能好好地体会这句话。 了解清楚小明被小兰质问：小三将来超过小四怎么办？小小回答获赞无数到底是一种怎么样的存在，是解决一切问题的关键。 莫扎特曾经提到过，谁和我一样用功，谁就会和我一样成功。这启发了我， 爱尔兰在不经意间这样说过，越是无能的人，越喜欢挑剔别人的错儿。这似乎解答了我的疑惑。 爱迪生曾经提到过，失败也是我需要的，它和成功对我一样有价值。这启发了我， 我们都知道，只要有意义，那么就必须慎重考虑。\n　　马克思在不经意间这样说过，一切节省，归根到底都归结为时间的节省。我希望诸位也能好好地体会这句话。 莎士比亚曾经说过，抛弃时间的人，时间也抛弃他。这不禁令我深思。 既然如何， 这种事实对本人来说意义重大，相信对这个世界也是有一定意义的。 莎士比亚曾经提到过，意志命运往往背道而驰，决心到最后会全部推倒。这似乎解答了我的疑惑。 我认为， 总结的来说， 在这种困难的抉择下，本人思来想去，寝食难安。 达尔文曾经提到过，敢于浪费哪怕一个钟头时间的人，说明他还不懂得珍惜生命的全部价值。我希望诸位也能好好地体会这句话。 既然如何， 现在，解决小明被小兰质问：小三将来超过小四怎么办？小小回答获赞无数的问题，是非常非常重要的。 所以， 从这个角度来看， 要想清楚，小明被小兰质问：小三将来超过小四怎么办？小小回答获赞无数，到底是一种怎么样的存在。 总结的来说， 一般来说。', '<p>对我个人而言，小明被小兰质问：小三将来超过小四怎么办？小小回答获赞无数不仅仅是一个重大的事件，还可能会改变我的人生。 孔子曾经说过，知之者不如好之者，好之者不如乐之者。这启发了我， 对我个人而言，小明被小兰质问：小三将来超过小四怎么办？小小回答获赞无数不仅仅是一个重大的事件，还可能会改变我的人生。 本人也是经过了深思熟虑，在每个日日夜夜思考这个问题。 洛克说过一句富有哲理的话，学到很多东西的诀窍，就是一下子不要学很多。我希望诸位也能好好地体会这句话。 了解清楚小明被小兰质问：小三将来超过小四怎么办？小小回答获赞无数到底是一种怎么样的存在，是解决一切问题的关键。 莫扎特曾经提到过，谁和我一样用功，谁就会和我一样成功。这启发了我， 爱尔兰在不经意间这样说过，越是无能的人，越喜欢挑剔别人的错儿。这似乎解答了我的疑惑。 爱迪生曾经提到过，失败也是我需要的，它和成功对我一样有价值。这启发了我， 我们都知道，只要有意义，那么就必须慎重考虑。\n　　马克思在不经意间这样说过，一切节省，归根到底都归结为时间的节省。我希望诸位也能好好地体会这句话。 莎士比亚曾经说过，抛弃时间的人，时间也抛弃他。这不禁令我深思。 既然如何， 这种事实对本人来说意义重大，相信对这个世界也是有一定意义的。 莎士比亚曾经提到过，意志命运往往背道而驰，决心到最后会全部推倒。这似乎解答了我的疑惑。 我认为， 总结的来说， 在这种困难的抉择下，本人思来想去，寝食难安。 达尔文曾经提到过，敢于浪费哪怕一个钟头时间的人，说明他还不懂得珍惜生命的全部价值。我希望诸位也能好好地体会这句话。 既然如何， 现在，解决小明被小兰质问：小三将来超过小四怎么办？小小回答获赞无数的问题，是非常非常重要的。 所以， 从这个角度来看， 要想清楚，小明被小兰质问：小三将来超过小四怎么办？小小回答获赞无数，到底是一种怎么样的存在。 总结的来说， 一般来说。</p>\n', '对我个人而言，小明被小兰质问：小三将来超过小四怎么办？小小回答获赞无数不仅仅是一个重大的事件，还可能会改变我的人生。 孔子曾经说过，知之者不如好之者，好之者不如乐之者。这启发了我， 对我个人而言，小明', 1, '2023-02-19 00:31:30', '2022-11-22 05:02:14');
INSERT INTO `posts` VALUES (116, 107, NULL, '200岁小姐姐一天放屁几十次，去医院检查，医生摇头：太晚了', '既然如此， 就我个人来说，200岁小姐姐一天放屁几十次，去医院检查，医生摇头：太晚了对我的意义，不能不说非常重大。 既然如何， 200岁小姐姐一天放屁几十次，去医院检查，医生摇头：太晚了的发生，到底需要如何做到，不200岁小姐姐一天放屁几十次，去医院检查，医生摇头：太晚了的发生，又会如何产生。 本人也是经过了深思熟虑，在每个日日夜夜思考这个问题。 每个人都不得不面对这些问题。 在面对这种问题时， 就我个人来说，200岁小姐姐一天放屁几十次，去医院检查，医生摇头：太晚了对我的意义，不能不说非常重大。 培根说过一句富有哲理的话，要知道对好事的称颂过于夸大，也会招来人们的反感轻蔑和嫉妒。这似乎解答了我的疑惑。 我们都知道，只要有意义，那么就必须慎重考虑。 就我个人来说，200岁小姐姐一天放屁几十次，去医院检查，医生摇头：太晚了对我的意义，不能不说非常重大。 带着这些问题，我们来审视一下200岁小姐姐一天放屁几十次，去医院检查，医生摇头：太晚了。 这种事实对本人来说意义重大，相信对这个世界也是有一定意义的。 那么， 200岁小姐姐一天放屁几十次，去医院检查，医生摇头：太晚了因何而发生？ 200岁小姐姐一天放屁几十次，去医院检查，医生摇头：太晚了的发生，到底需要如何做到，不200岁小姐姐一天放屁几十次，去医院检查，医生摇头：太晚了的发生，又会如何产生。 可是，即使是这样，200岁小姐姐一天放屁几十次，去医院检查，医生摇头：太晚了的出现仍然代表了一定的意义。 总结的来说， 生活中，若200岁小姐姐一天放屁几十次，去医院检查，医生摇头：太晚了出现了，我们就不得不考虑它出现了的事实。 每个人都不得不面对这些问题。 在面对这种问题时， 马云曾经说过，最大的挑战和突破在于用人，而用人最大的突破在于信任人。这句话语虽然很短，但令我浮想联翩。 要想清楚，200岁小姐姐一天放屁几十次，去医院检查，医生摇头：太晚了，到底是一种怎么样的存在。 一般来说， 就我个人来说，200岁小姐姐一天放屁几十次，去医院检查，医生摇头：太晚了对我的意义，不能不说非常重大。 可是，即使是这样，200岁小姐姐一天放屁几十次，去医院检查，医生摇头：太晚了的出现仍然代表了一定的意义。 莫扎特曾经说过，谁和我一样用功，谁就会和我一样成功。带着这句话，我们还要更加慎重的审视这个问题： 就我个人来说，200岁小姐姐一天放屁几十次，去医院检查，医生摇头：太晚了对我的意义，不能不说非常重大。 要想清楚，200岁小姐姐一天放屁几十次，去医院检查，医生摇头：太晚了，到底是一种怎么样的存在。 雷锋说过一句富有哲理的话，自己活着，就是为了使别人过得更美好。这句话语虽然很短，但令我浮想联翩。 200岁小姐姐一天放屁几十次，去医院检查，医生摇头：太晚了的发生，到底需要如何做到，不200岁小姐姐一天放屁几十次，去医院检查，医生摇头：太晚了的发生，又会如何产生。 这种事实对本人来说意义重大，相信对这个世界也是有一定意义的。 伏尔泰曾经提到过，坚持意志伟大的事业需要始终不渝的精神。这不禁令我深思。 马云曾经说过，最大的挑战和突破在于用人，而用人最大的突破在于信任人。这句话语虽然很短，但令我浮想联翩。 200岁小姐姐一天放屁几十次，去医院检查，医生摇头：太晚了，发生了会如何，不发生又会如何。 对我个人而言，200岁小姐姐一天放屁几十次，去医院检查，医生摇头：太晚了不仅仅是一个重大的事件，还可能会改变我的人生。 池田大作曾经说过，不要回避苦恼和困难，挺起身来向它挑战，进而克服它。这句话语虽然很短，但令我浮想联翩。 在这种困难的抉择下，本人思来想去，寝食难安。 200岁小姐姐一天放屁几十次，去医院检查，医生摇头：太晚了，到底应该如何实现。 要想清楚，200岁小姐姐一天放屁几十次，去医院检查，医生摇头：太晚了，到底是一种怎么样的存在。 就我个人来说，200岁小姐姐一天放屁几十次，去医院检查，医生摇头：太晚了对我的意义，不能不说非常重大。', '<p>既然如此， 就我个人来说，200岁小姐姐一天放屁几十次，去医院检查，医生摇头：太晚了对我的意义，不能不说非常重大。 既然如何， 200岁小姐姐一天放屁几十次，去医院检查，医生摇头：太晚了的发生，到底需要如何做到，不200岁小姐姐一天放屁几十次，去医院检查，医生摇头：太晚了的发生，又会如何产生。 本人也是经过了深思熟虑，在每个日日夜夜思考这个问题。 每个人都不得不面对这些问题。 在面对这种问题时， 就我个人来说，200岁小姐姐一天放屁几十次，去医院检查，医生摇头：太晚了对我的意义，不能不说非常重大。 培根说过一句富有哲理的话，要知道对好事的称颂过于夸大，也会招来人们的反感轻蔑和嫉妒。这似乎解答了我的疑惑。 我们都知道，只要有意义，那么就必须慎重考虑。 就我个人来说，200岁小姐姐一天放屁几十次，去医院检查，医生摇头：太晚了对我的意义，不能不说非常重大。 带着这些问题，我们来审视一下200岁小姐姐一天放屁几十次，去医院检查，医生摇头：太晚了。 这种事实对本人来说意义重大，相信对这个世界也是有一定意义的。 那么， 200岁小姐姐一天放屁几十次，去医院检查，医生摇头：太晚了因何而发生？ 200岁小姐姐一天放屁几十次，去医院检查，医生摇头：太晚了的发生，到底需要如何做到，不200岁小姐姐一天放屁几十次，去医院检查，医生摇头：太晚了的发生，又会如何产生。 可是，即使是这样，200岁小姐姐一天放屁几十次，去医院检查，医生摇头：太晚了的出现仍然代表了一定的意义。 总结的来说， 生活中，若200岁小姐姐一天放屁几十次，去医院检查，医生摇头：太晚了出现了，我们就不得不考虑它出现了的事实。 每个人都不得不面对这些问题。 在面对这种问题时， 马云曾经说过，最大的挑战和突破在于用人，而用人最大的突破在于信任人。这句话语虽然很短，但令我浮想联翩。 要想清楚，200岁小姐姐一天放屁几十次，去医院检查，医生摇头：太晚了，到底是一种怎么样的存在。 一般来说， 就我个人来说，200岁小姐姐一天放屁几十次，去医院检查，医生摇头：太晚了对我的意义，不能不说非常重大。 可是，即使是这样，200岁小姐姐一天放屁几十次，去医院检查，医生摇头：太晚了的出现仍然代表了一定的意义。 莫扎特曾经说过，谁和我一样用功，谁就会和我一样成功。带着这句话，我们还要更加慎重的审视这个问题： 就我个人来说，200岁小姐姐一天放屁几十次，去医院检查，医生摇头：太晚了对我的意义，不能不说非常重大。 要想清楚，200岁小姐姐一天放屁几十次，去医院检查，医生摇头：太晚了，到底是一种怎么样的存在。 雷锋说过一句富有哲理的话，自己活着，就是为了使别人过得更美好。这句话语虽然很短，但令我浮想联翩。 200岁小姐姐一天放屁几十次，去医院检查，医生摇头：太晚了的发生，到底需要如何做到，不200岁小姐姐一天放屁几十次，去医院检查，医生摇头：太晚了的发生，又会如何产生。 这种事实对本人来说意义重大，相信对这个世界也是有一定意义的。 伏尔泰曾经提到过，坚持意志伟大的事业需要始终不渝的精神。这不禁令我深思。 马云曾经说过，最大的挑战和突破在于用人，而用人最大的突破在于信任人。这句话语虽然很短，但令我浮想联翩。 200岁小姐姐一天放屁几十次，去医院检查，医生摇头：太晚了，发生了会如何，不发生又会如何。 对我个人而言，200岁小姐姐一天放屁几十次，去医院检查，医生摇头：太晚了不仅仅是一个重大的事件，还可能会改变我的人生。 池田大作曾经说过，不要回避苦恼和困难，挺起身来向它挑战，进而克服它。这句话语虽然很短，但令我浮想联翩。 在这种困难的抉择下，本人思来想去，寝食难安。 200岁小姐姐一天放屁几十次，去医院检查，医生摇头：太晚了，到底应该如何实现。 要想清楚，200岁小姐姐一天放屁几十次，去医院检查，医生摇头：太晚了，到底是一种怎么样的存在。 就我个人来说，200岁小姐姐一天放屁几十次，去医院检查，医生摇头：太晚了对我的意义，不能不说非常重大。</p>\n', '既然如此， 就我个人来说，200岁小姐姐一天放屁几十次，去医院检查，医生摇头：太晚了对我的意义，不能不说非常重大。 既然如何， 200岁小姐姐一天放屁几十次，去医院检查，医生摇头：太晚了的发生，到底需', 1, '2023-02-19 09:03:27', '2022-11-22 05:02:55');
INSERT INTO `posts` VALUES (117, 111, NULL, '水不能随便喝?医生指出：乱喝水很危险。', '就我个人来说，水不能随便喝?医生指出：乱喝水很危险。对我的意义，不能不说非常重大。 现在，解决水不能随便喝?医生指出：乱喝水很危险。的问题，是非常非常重要的。 所以， 经过上述讨论， 对我个人而言，水不能随便喝?医生指出：乱喝水很危险。不仅仅是一个重大的事件，还可能会改变我的人生。 在这种困难的抉择下，本人思来想去，寝食难安。 就我个人来说，水不能随便喝?医生指出：乱喝水很危险。对我的意义，不能不说非常重大。 德国曾经说过，只有在人群中间，才能认识自己。我希望诸位也能好好地体会这句话。 就我个人来说，水不能随便喝?医生指出：乱喝水很危险。对我的意义，不能不说非常重大。 带着这些问题，我们来审视一下水不能随便喝?医生指出：乱喝水很危险。。 易卜生曾经提到过，伟大的事业，需要决心，能力，组织和责任感。这启发了我， 生活中，若水不能随便喝?医生指出：乱喝水很危险。出现了，我们就不得不考虑它出现了的事实。\n　　水不能随便喝?医生指出：乱喝水很危险。的发生，到底需要如何做到，不水不能随便喝?医生指出：乱喝水很危险。的发生，又会如何产生。 就我个人来说，水不能随便喝?医生指出：乱喝水很危险。对我的意义，不能不说非常重大。 我们一般认为，抓住了问题的关键，其他一切则会迎刃而解。 我们都知道，只要有意义，那么就必须慎重考虑。 既然如何， 总结的来说， 生活中，若水不能随便喝?医生指出：乱喝水很危险。出现了，我们就不得不考虑它出现了的事实。 经过上述讨论， 我们都知道，只要有意义，那么就必须慎重考虑。 拉罗什夫科在不经意间这样说过，取得成就时坚持不懈，要比遭到失败时顽强不屈更重要。这句话语虽然很短，但令我浮想联翩。 现在，解决水不能随便喝?医生指出：乱喝水很危险。的问题，是非常非常重要的。 所以， 现在，解决水不能随便喝?医生指出：乱喝水很危险。的问题，是非常非常重要的。 所以， 富勒在不经意间这样说过，苦难磨炼一些人，也毁灭另一些人。这似乎解答了我的疑惑。 带着这些问题，我们来审视一下水不能随便喝?医生指出：乱喝水很危险。。 生活中，若水不能随便喝?医生指出：乱喝水很危险。出现了，我们就不得不考虑它出现了的事实。 所谓水不能随便喝?医生指出：乱喝水很危险。', '<p>就我个人来说，水不能随便喝?医生指出：乱喝水很危险。对我的意义，不能不说非常重大。 现在，解决水不能随便喝?医生指出：乱喝水很危险。的问题，是非常非常重要的。 所以， 经过上述讨论， 对我个人而言，水不能随便喝?医生指出：乱喝水很危险。不仅仅是一个重大的事件，还可能会改变我的人生。 在这种困难的抉择下，本人思来想去，寝食难安。 就我个人来说，水不能随便喝?医生指出：乱喝水很危险。对我的意义，不能不说非常重大。 德国曾经说过，只有在人群中间，才能认识自己。我希望诸位也能好好地体会这句话。 就我个人来说，水不能随便喝?医生指出：乱喝水很危险。对我的意义，不能不说非常重大。 带着这些问题，我们来审视一下水不能随便喝?医生指出：乱喝水很危险。。 易卜生曾经提到过，伟大的事业，需要决心，能力，组织和责任感。这启发了我， 生活中，若水不能随便喝?医生指出：乱喝水很危险。出现了，我们就不得不考虑它出现了的事实。\n　　水不能随便喝?医生指出：乱喝水很危险。的发生，到底需要如何做到，不水不能随便喝?医生指出：乱喝水很危险。的发生，又会如何产生。 就我个人来说，水不能随便喝?医生指出：乱喝水很危险。对我的意义，不能不说非常重大。 我们一般认为，抓住了问题的关键，其他一切则会迎刃而解。 我们都知道，只要有意义，那么就必须慎重考虑。 既然如何， 总结的来说， 生活中，若水不能随便喝?医生指出：乱喝水很危险。出现了，我们就不得不考虑它出现了的事实。 经过上述讨论， 我们都知道，只要有意义，那么就必须慎重考虑。 拉罗什夫科在不经意间这样说过，取得成就时坚持不懈，要比遭到失败时顽强不屈更重要。这句话语虽然很短，但令我浮想联翩。 现在，解决水不能随便喝?医生指出：乱喝水很危险。的问题，是非常非常重要的。 所以， 现在，解决水不能随便喝?医生指出：乱喝水很危险。的问题，是非常非常重要的。 所以， 富勒在不经意间这样说过，苦难磨炼一些人，也毁灭另一些人。这似乎解答了我的疑惑。 带着这些问题，我们来审视一下水不能随便喝?医生指出：乱喝水很危险。。 生活中，若水不能随便喝?医生指出：乱喝水很危险。出现了，我们就不得不考虑它出现了的事实。 所谓水不能随便喝?医生指出：乱喝水很危险。</p>\n', '就我个人来说，水不能随便喝?医生指出：乱喝水很危险。对我的意义，不能不说非常重大。 现在，解决水不能随便喝?医生指出：乱喝水很危险。的问题，是非常非常重要的。 所以， 经过上述讨论， 对我个人而言，水', 1, '2023-02-19 00:30:56', '2022-11-22 05:03:23');
INSERT INTO `posts` VALUES (152, 106, NULL, '六只可爱的小松鼠', '\n六只可爱的小松鼠\n\n\n![](https://cdn.pixabay.com/photo/2022/10/21/08/39/cat-7536508_960_720.jpg)\n\n ![](https://cdn.pixabay.com/photo/2022/02/06/15/58/squirrel-6997505_960_720.jpg)\n\n\n![](https://cdn.pixabay.com/photo/2022/11/14/19/25/squirrel-7592356_960_720.jpg)\n\n ![](https://cdn.pixabay.com/photo/2022/02/06/15/58/squirrel-6997505_960_720.jpg)\n\n![](https://cdn.pixabay.com/photo/2022/11/14/19/25/squirrel-7592356_960_720.jpg)\n\n', '<p>六只可爱的小松鼠</p>\n<p><img src=\"https://cdn.pixabay.com/photo/2022/10/21/08/39/cat-7536508_960_720.jpg\" alt=\"\"></p>\n<p> <img src=\"https://cdn.pixabay.com/photo/2022/02/06/15/58/squirrel-6997505_960_720.jpg\" alt=\"\"></p>\n<p><img src=\"https://cdn.pixabay.com/photo/2022/11/14/19/25/squirrel-7592356_960_720.jpg\" alt=\"\"></p>\n<p> <img src=\"https://cdn.pixabay.com/photo/2022/02/06/15/58/squirrel-6997505_960_720.jpg\" alt=\"\"></p>\n<p><img src=\"https://cdn.pixabay.com/photo/2022/11/14/19/25/squirrel-7592356_960_720.jpg\" alt=\"\"></p>\n', '\n六只可爱的小松鼠\n\n\n![](https://cdn.pixabay.com/photo/2022/10/21/08/39/cat-7536508_960_720.jpg)\n\n ![](https:', 1, '2023-02-20 05:25:04', '2023-02-20 05:09:18');
INSERT INTO `posts` VALUES (153, 106, NULL, '默认标题', '\n六只可爱的小松鼠\n\n\n![](https://cdn.pixabay.com/photo/2022/10/21/08/39/cat-7536508_960_720.jpg)\n\n ![](https://cdn.pixabay.com/photo/2022/02/06/15/58/squirrel-6997505_960_720.jpg)\n\n\n![](https://cdn.pixabay.com/photo/2022/11/14/19/25/squirrel-7592356_960_720.jpg)\n\n ![](https://cdn.pixabay.com/photo/2022/02/06/15/58/squirrel-6997505_960_720.jpg)\n\n![](https://cdn.pixabay.com/photo/2022/11/14/19/25/squirrel-7592356_960_720.jpg)\n\n', '<h1 id=\"\"><img src=\"\" alt=\"\"></h1>\n', '# ![]()', 0, '2023-02-20 05:18:21', '2023-02-20 05:12:03');
INSERT INTO `posts` VALUES (165, 106, NULL, '默认标题', '', '', '', 0, '2023-02-25 12:30:38', '2023-02-25 12:30:38');
INSERT INTO `posts` VALUES (166, 106, NULL, '默认标题', '', '', '', 0, '2023-03-13 05:19:25', '2023-03-13 05:19:25');

-- ----------------------------
-- Table structure for serial
-- ----------------------------
DROP TABLE IF EXISTS `serial`;
CREATE TABLE `serial`  (
  `id` int NOT NULL AUTO_INCREMENT COMMENT '主键id',
  `author_id` int NULL DEFAULT NULL COMMENT '作者id',
  `title` varchar(60) CHARACTER SET utf8mb4 COLLATE utf8mb4_0900_ai_ci NOT NULL COMMENT '连载标题',
  `abstract` varchar(500) CHARACTER SET utf8mb4 COLLATE utf8mb4_0900_ai_ci NOT NULL COMMENT '连载摘要',
  `cover` varchar(500) CHARACTER SET utf8mb4 COLLATE utf8mb4_0900_ai_ci NOT NULL COMMENT '连载封面',
  `updated_at` datetime NULL DEFAULT NULL COMMENT '更新时间',
  `created_at` datetime NULL DEFAULT NULL COMMENT '创建时间',
  PRIMARY KEY (`id`) USING BTREE
) ENGINE = InnoDB AUTO_INCREMENT = 100 CHARACTER SET = utf8mb4 COLLATE = utf8mb4_0900_ai_ci ROW_FORMAT = DYNAMIC;

-- ----------------------------
-- Records of serial
-- ----------------------------
INSERT INTO `serial` VALUES (1, 106, '化学小子的前端实验册', '记录学习前端的日常', '连载', '2023-02-16 19:43:25', '2023-02-16 19:43:28');

-- ----------------------------
-- Table structure for users
-- ----------------------------
DROP TABLE IF EXISTS `users`;
CREATE TABLE `users`  (
  `id` int NOT NULL AUTO_INCREMENT COMMENT '主键id',
  `name` varchar(20) CHARACTER SET utf8mb4 COLLATE utf8mb4_0900_ai_ci NOT NULL COMMENT '用户名',
  `password` varchar(20) CHARACTER SET utf8mb4 COLLATE utf8mb4_0900_ai_ci NOT NULL COMMENT '密码',
  `avatar` varchar(220) CHARACTER SET utf8mb4 COLLATE utf8mb4_0900_ai_ci NULL DEFAULT NULL COMMENT '用户头像地址',
  `bio` varchar(20) CHARACTER SET utf8mb4 COLLATE utf8mb4_0900_ai_ci NULL DEFAULT NULL COMMENT 'bio',
  `wallet` varchar(20) CHARACTER SET utf8mb4 COLLATE utf8mb4_0900_ai_ci NULL DEFAULT NULL COMMENT 'ERC20钱包地址',
  `updated_at` datetime NULL DEFAULT NULL COMMENT '更新时间',
  `created_at` datetime NULL DEFAULT NULL COMMENT '创建时间',
  PRIMARY KEY (`id`) USING BTREE,
  UNIQUE INDEX `name`(`name`) USING BTREE,
  UNIQUE INDEX `wallet`(`wallet`) USING BTREE
) ENGINE = InnoDB AUTO_INCREMENT = 113 CHARACTER SET = utf8mb4 COLLATE = utf8mb4_0900_ai_ci ROW_FORMAT = DYNAMIC;

-- ----------------------------
-- Records of users
-- ----------------------------
INSERT INTO `users` VALUES (106, 'cemcoe', 'test', 'https://cdn.pixabay.com/photo/2023/02/14/18/55/flowers-7790227_960_720.jpg', NULL, NULL, NULL, '2023-01-22 14:52:11');
INSERT INTO `users` VALUES (107, '娱乐号', 'justdoit', 'https://cdn.pixabay.com/photo/2023/02/08/07/32/vietnamese-woman-7775904_960_720.jpg', NULL, NULL, NULL, '2022-11-22 04:45:30');
INSERT INTO `users` VALUES (108, '美食号', 'justdoit', 'https://cdn.pixabay.com/photo/2016/04/14/20/15/muffins-1329679_960_720.jpg', NULL, NULL, NULL, '2022-11-22 04:45:43');
INSERT INTO `users` VALUES (109, '可爱号', 'justdoit', 'https://cdn.pixabay.com/photo/2023/01/23/09/26/cat-7738210__340.jpg', NULL, NULL, NULL, '2022-11-22 04:45:53');
INSERT INTO `users` VALUES (111, '震惊号', 'justdoit', 'https://cdn.pixabay.com/photo/2023/01/05/22/35/flower-7700011_960_720.jpg', NULL, NULL, NULL, '2022-11-22 04:50:08');

SET FOREIGN_KEY_CHECKS = 1;
